,alpha,fit_intercept,loss,penalty,random_state,acc_train,acc_val,precision_macro_train,precision_macro_val,precision_micro_train,precision_micro_val,precision_weighted_train,precision_weighted_val,recall_macro_train,recall_macro_val,recall_micro_train,recall_micro_val,recall_weighted_train,recall_weighted_val,f1_macro_train,f1_macro_val,f1_micro_train,f1_micro_val,f1_weighted_train,f1_weighted_val
0,0.001,True,log_loss,l2,23,0.7237825394014521,0.7335600907029478,0.7249393298131714,0.7345256508090586,0.7237825394014521,0.7335600907029478,0.7245832708160588,0.7342460077182178,0.7216183819585502,0.732211238298465,0.7237825394014521,0.7335600907029478,0.7237825394014521,0.7335600907029478,0.7218458475027039,0.7323624850376336,0.7237825394014521,0.7335600907029478,0.7227574736978277,0.7329003926669697
1,0.0001,True,perceptron,elasticnet,23,0.7217283513369931,0.7315759637188208,0.7269423530572342,0.7378429319371728,0.7217283513369931,0.7315759637188208,0.7287331018673139,0.7392503442912942,0.7243203337170991,0.7337968539866518,0.7217283513369931,0.7315759637188208,0.7217283513369931,0.7315759637188208,0.72133560003222,0.7308518004284922,0.7217283513369931,0.7315759637188208,0.7209246932426034,0.7304323397248046
2,0.0001,True,hinge,elasticnet,23,0.7654683902957322,0.768140589569161,0.7651762323786542,0.7679629602807911,0.7654683902957322,0.768140589569161,0.765390946182524,0.7680994001689593,0.7648273659671805,0.7677947123842069,0.7654683902957322,0.768140589569161,0.7654683902957322,0.768140589569161,0.7649632179813297,0.7678629976109846,0.7654683902957322,0.768140589569161,0.7653912058321107,0.7681041840664493
3,0.01,True,perceptron,,23,0.7286700903134408,0.7332766439909297,0.7283839167416093,0.7333157508041264,0.7286700903134408,0.7332766439909297,0.7285506884132652,0.733298185879555,0.7276977401232152,0.7324815922868859,0.7286700903134408,0.7332766439909297,0.7286700903134408,0.7332766439909297,0.7278959684452699,0.7326485601861817,0.7286700903134408,0.7332766439909297,0.7284660223309283,0.7330378986850314
4,0.001,True,log_loss,,23,0.7572162210023021,0.7627551020408163,0.7573020180432768,0.7630866826368556,0.7572162210023021,0.7627551020408163,0.7581152566624305,0.7636724750231917,0.757695151733849,0.7632482299935637,0.7572162210023021,0.7627551020408163,0.7572162210023021,0.7627551020408163,0.7571412762070711,0.7627450184814629,0.7572162210023021,0.7627551020408163,0.7573088443076985,0.7627914905376135
5,0.001,False,log_loss,elasticnet,23,0.7098282273773685,0.7140022675736961,0.7097157376153688,0.71398683549405,0.7098282273773685,0.7140022675736961,0.7097662237125187,0.7139935395942242,0.7084310838768408,0.7131557049194777,0.7098282273773685,0.7140022675736961,0.7098282273773685,0.7140022675736961,0.7086572873900223,0.7132968416399952,0.7098282273773685,0.7140022675736961,0.709382746857043,0.7137241282055512
6,0.001,False,hinge,l1,23,0.7204179210200107,0.7304421768707483,0.7199989910548584,0.7301970960630975,0.7204179210200107,0.7304421768707483,0.7203036424196806,0.7304210492149164,0.7196961430485835,0.7301560011669772,0.7204179210200107,0.7304421768707483,0.7204179210200107,0.7304421768707483,0.7198083122405117,0.7301750787307824,0.7204179210200107,0.7304421768707483,0.7203216426402569,0.7304301454230021
7,0.01,True,hinge,,23,0.727572162210023,0.7341269841269841,0.727149913074232,0.7338959652001771,0.727572162210023,0.7341269841269841,0.7275076474451964,0.7341680541584165,0.7270119084001627,0.7339549491506124,0.727572162210023,0.7341269841269841,0.727572162210023,0.7341269841269841,0.7270717527586656,0.7339216767788197,0.727572162210023,0.7341269841269841,0.7275307718501093,0.7341437439105077
8,0.001,True,squared_error,l2,23,0.4613423056490172,0.44841269841269843,0.4607365121520847,0.44745124442778494,0.4613423056490172,0.44841269841269843,0.46155282440979806,0.44798763454568397,0.46070925647595845,0.4475563119534418,0.4613423056490172,0.44841269841269843,0.4613423056490172,0.44841269841269843,0.4607110574029515,0.4474402972101139,0.4613423056490172,0.44841269841269843,0.4614357513003499,0.4481367467200731
9,0.0001,False,hinge,l1,23,0.765397556224544,0.7704081632653061,0.765253311635205,0.7703383782651771,0.765397556224544,0.7704081632653061,0.7653394544728878,0.7703799356248046,0.7645139983883924,0.7698938559040582,0.765397556224544,0.7704081632653061,0.765397556224544,0.7704081632653061,0.7647485647382042,0.7700356170865448,0.765397556224544,0.7704081632653061,0.7652338860857097,0.7703137149382961
10,0.0001,False,perceptron,l1,23,0.6347795289534266,0.6252834467120182,0.6366658664613002,0.6272112771500776,0.6347795289534266,0.6252834467120182,0.6363123176534191,0.6269151176914772,0.6308658718218811,0.6224558821211579,0.6347795289534266,0.6252834467120182,0.6347795289534266,0.6252834467120182,0.6290368909836919,0.6204531435388554,0.6347795289534266,0.6252834467120182,0.6308497533544393,0.6217396061930144
11,0.001,True,hinge,elasticnet,23,0.7301576058083938,0.7409297052154195,0.7297980905664839,0.74071501341475,0.7301576058083938,0.7409297052154195,0.7300378394560078,0.7408752763082075,0.7293547429938609,0.7405421940392172,0.7301576058083938,0.7409297052154195,0.7301576058083938,0.7409297052154195,0.7295058141305839,0.7406092696820827,0.7301576058083938,0.7409297052154195,0.7300273415264651,0.7408831903799351
12,0.001,False,perceptron,l1,23,0.6052063042323358,0.5963718820861678,0.604282529521355,0.5957831833561718,0.6052063042323358,0.5963718820861678,0.6046797633928082,0.5960143021168369,0.6035722738131218,0.5953082244546039,0.6052063042323358,0.5963718820861678,0.6052063042323358,0.5963718820861678,0.6035151905547088,0.5952224721708359,0.6052063042323358,0.5963718820861678,0.604532243194887,0.5958705437188421
13,0.0001,True,hinge,l2,23,0.7655392243669205,0.7687074829931972,0.7652320816619175,0.7685134505057877,0.7655392243669205,0.7687074829931972,0.7654658642699123,0.7686766841856719,0.7649345337695062,0.7684132617235686,0.7655392243669205,0.7687074829931972,0.7655392243669205,0.7687074829931972,0.7650541083836113,0.7684571660942268,0.7655392243669205,0.7687074829931972,0.7654734331111951,0.7686859039501827
14,0.0001,False,squared_error,l1,23,0.5207366743403578,0.5116213151927438,0.520021835600132,0.5110265146247625,0.5207366743403578,0.5116213151927438,0.5207634222819939,0.5114643539317487,0.5200240269750493,0.5110180910402984,0.5207366743403578,0.5116213151927438,0.5207366743403578,0.5116213151927438,0.5200226699191968,0.5110074611707565,0.5207366743403578,0.5116213151927438,0.5207497873692127,0.5115280093814016
15,0.01,True,squared_error,,23,0.4948822383566496,0.49971655328798187,0.4950287209751752,0.49981873997284954,0.4948822383566496,0.49971655328798187,0.4957986225104594,0.500270064497682,0.4950213178799433,0.4998185845931358,0.4948822383566496,0.49971655328798187,0.4948822383566496,0.49971655328798187,0.49475447109797455,0.49964897839736644,0.4948822383566496,0.49971655328798187,0.49507004769011376,0.49982368421212825
16,0.001,False,perceptron,elasticnet,23,0.6628652381795643,0.6615646258503401,0.6663711376788823,0.6650531205945359,0.6628652381795643,0.6615646258503401,0.6657328118629666,0.6645233491863917,0.6588737643893101,0.6587357469087812,0.6628652381795643,0.6615646258503401,0.6628652381795643,0.6615646258503401,0.6572940078276176,0.657112716297197,0.6628652381795643,0.6615646258503401,0.6590102562888145,0.658286602895787
17,0.0001,True,hinge,,23,0.7714892863467327,0.7786281179138322,0.7711543653911095,0.7784351864601335,0.7714892863467327,0.7786281179138322,0.7714470583302634,0.7786114858919616,0.7710247539432082,0.7783854800769536,0.7714892863467327,0.7786281179138322,0.7714892863467327,0.7786281179138322,0.7710833429136118,0.7784087660239127,0.7714892863467327,0.7786281179138322,0.7714619730795758,0.77861823719807
18,0.0001,True,squared_error,l2,23,0.462758987072782,0.4594671201814059,0.4627735729496958,0.4595838020247469,0.462758987072782,0.4594671201814059,0.46354384616385885,0.4600255261459664,0.4627160748326542,0.45954983246415837,0.462758987072782,0.4594671201814059,0.462758987072782,0.4594671201814059,0.4625594826077801,0.4594010588607087,0.462758987072782,0.4594671201814059,0.4629661929969109,0.45958061014260365
19,0.01,False,squared_error,elasticnet,23,0.4951301576058084,0.5070861678004536,0.497065701377005,0.5085378090471023,0.4951301576058084,0.5070861678004536,0.49782553077249425,0.5090127287142159,0.49709058713523246,0.5084734504663566,0.4951301576058084,0.5070861678004536,0.4951301576058084,0.5070861678004536,0.49466352009974557,0.5066152104282599,0.4951301576058084,0.5070861678004536,0.4940603720878299,0.5061572151855761
20,0.001,False,squared_error,,23,0.4877988312378254,0.4861111111111111,0.48888577623907165,0.48676519082238856,0.4877988312378254,0.4861111111111111,0.48963216757429273,0.4871985186311099,0.48890502184924656,0.4867804780295971,0.4877988312378254,0.4861111111111111,0.4877988312378254,0.4861111111111111,0.48775770292496173,0.48608101121198644,0.4877988312378254,0.4861111111111111,0.48757742111086766,0.48596284123764516
21,0.001,False,log_loss,l2,23,0.7242075438285815,0.7355442176870748,0.7251456484205971,0.7362910163371174,0.7242075438285815,0.7355442176870748,0.724842425455705,0.7360581908756335,0.7221638618512052,0.7343079693793952,0.7242075438285815,0.7355442176870748,0.7242075438285815,0.7355442176870748,0.7224133277643272,0.734483391418365,0.7242075438285815,0.7355442176870748,0.7232898853040883,0.7349876406761375
22,0.01,False,squared_error,l2,23,0.47526120063750665,0.4736394557823129,0.47491355399534035,0.4735880526792773,0.47526120063750665,0.4736394557823129,0.4757019796112144,0.4740421134227587,0.4748823289892131,0.47356449430294506,0.47526120063750665,0.4736394557823129,0.47526120063750665,0.4736394557823129,0.47484065893436034,0.47349220701288075,0.47526120063750665,0.4736394557823129,0.47542436450230685,0.4737567556494877
23,0.01,True,hinge,l2,23,0.6847883832123252,0.6910430839002267,0.6856643804019034,0.6926732927632107,0.6847883832123252,0.6910430839002267,0.6854178742148335,0.692320635335708,0.6823285178476854,0.6891273307778636,0.6847883832123252,0.6910430839002267,0.6847883832123252,0.6910430839002267,0.6822471965237957,0.6888229306084004,0.6847883832123252,0.6910430839002267,0.6833633058456092,0.6896126495645534
24,0.001,False,log_loss,,23,0.7566495484327962,0.7587868480725624,0.7564042936938364,0.7586811909462517,0.7566495484327962,0.7587868480725624,0.7565625179553294,0.7587448253518706,0.7558486076849174,0.7582705643530948,0.7566495484327962,0.7587868480725624,0.7566495484327962,0.7587868480725624,0.756037697031305,0.7584009467201924,0.7566495484327962,0.7587868480725624,0.7565175719989525,0.7586910569567259
25,0.01,False,log_loss,,23,0.7176553922436693,0.7276077097505669,0.7179600425836444,0.7282472485561731,0.7176553922436693,0.7276077097505669,0.7178445358393597,0.7280454892901188,0.7159540766619944,0.7263813384018138,0.7176553922436693,0.7276077097505669,0.7176553922436693,0.7276077097505669,0.7162071618971746,0.7265346356246355,0.7176553922436693,0.7276077097505669,0.7170034372835219,0.72704932276196
26,0.0001,True,log_loss,,23,0.7662475650788029,0.7653061224489796,0.7729166193718148,0.770896721632559,0.7662475650788029,0.7653061224489796,0.7715828085132125,0.7699315693305078,0.762796182840271,0.7629289839096758,0.7662475650788029,0.7653061224489796,0.7662475650788029,0.7653061224489796,0.7629563340205574,0.7628367003367004,0.7662475650788029,0.7653061224489796,0.7640534110399726,0.7635638079586492
27,0.0001,False,perceptron,elasticnet,23,0.7241012927217992,0.7312925170068028,0.7254455985452435,0.7323106664972225,0.7241012927217992,0.7312925170068028,0.7250462320415736,0.732022100064109,0.721847067073637,0.7299075199581072,0.7241012927217992,0.7312925170068028,0.7241012927217992,0.7312925170068028,0.7220578218508091,0.730043237714445,0.7241012927217992,0.7312925170068028,0.7229938851287637,0.7305950027352363
28,0.0001,True,log_loss,l1,23,0.7608287586329024,0.7627551020408163,0.7608351405462892,0.7628821763965534,0.7608287586329024,0.7627551020408163,0.7608318255383519,0.7628230979680091,0.7597444809235081,0.7620207810705246,0.7608287586329024,0.7627551020408163,0.7608287586329024,0.7627551020408163,0.7600368580633783,0.7622223233226466,0.7608287586329024,0.7627551020408163,0.760578299328238,0.7625604942455567
29,0.001,True,squared_error,,23,0.505861519390827,0.51218820861678,0.5071271900549827,0.5128410093296676,0.505861519390827,0.51218820861678,0.5079161887995295,0.5133085557861952,0.507109864575597,0.5128299934992813,0.505861519390827,0.51218820861678,0.505861519390827,0.51218820861678,0.5057919490956626,0.5121709244233427,0.505861519390827,0.51218820861678,0.5055616402677903,0.5120836803993254
30,0.0001,False,log_loss,elasticnet,23,0.7592704090667611,0.7607709750566893,0.7589382220619474,0.7606020893182088,0.7592704090667611,0.7607709750566893,0.7594505939511523,0.7609336057678189,0.7591701386903927,0.760776445075038,0.7592704090667611,0.7607709750566893,0.7592704090667611,0.7607709750566893,0.7590178856727422,0.760647902830009,0.7592704090667611,0.7607709750566893,0.7593242844079358,0.7608109735303603
31,0.0001,False,perceptron,,23,0.7103948999468744,0.713718820861678,0.7128285432724573,0.717283301225158,0.7103948999468744,0.713718820861678,0.712240673429706,0.7166429030581599,0.7075217957781896,0.7113973586045423,0.7103948999468744,0.713718820861678,0.7103948999468744,0.713718820861678,0.7074138593788202,0.7109060108651206,0.7103948999468744,0.713718820861678,0.7085738502524945,0.7117627863238422
32,0.001,True,squared_error,elasticnet,23,0.4605631308659465,0.44869614512471656,0.4601376161101859,0.4478168476832116,0.4605631308659465,0.44869614512471656,0.46094152729270466,0.44834642455139073,0.46009328031044755,0.44789968242654044,0.4605631308659465,0.44869614512471656,0.4605631308659465,0.44869614512471656,0.4600761087699007,0.44781414967188526,0.4605631308659465,0.44869614512471656,0.4607130279969229,0.4484772100832336
33,0.001,True,log_loss,l1,23,0.6856029750309899,0.6938775510204082,0.6852408815194619,0.6937914078882881,0.6856029750309899,0.6938775510204082,0.6858393341338949,0.6942064611612303,0.6854223185295231,0.6939589634489771,0.6856029750309899,0.6938775510204082,0.6856029750309899,0.6938775510204082,0.6852902846084485,0.6937767787796334,0.6856029750309899,0.6938775510204082,0.6856799179551882,0.6939436828034165
34,0.01,False,perceptron,l2,23,0.7004427129449265,0.7074829931972789,0.7234714623482634,0.7304181204954803,0.7004427129449265,0.7074829931972789,0.7210132004281267,0.7284480042121663,0.6935152238179902,0.7024111844528282,0.7004427129449265,0.7074829931972789,0.7004427129449265,0.7074829931972789,0.6874865081357171,0.6965384896203364,0.7004427129449265,0.7074829931972789,0.6899858003836582,0.6982700080966886
35,0.01,True,log_loss,,23,0.7177616433504516,0.7278911564625851,0.7182190154732209,0.7286511735691907,0.7177616433504516,0.7278911564625851,0.7180544920596136,0.7284209969597616,0.7159504258410064,0.7266053735629503,0.7177616433504516,0.7278911564625851,0.7177616433504516,0.7278911564625851,0.7161976932454205,0.7267499273889051,0.7177616433504516,0.7278911564625851,0.7170251840214127,0.7272804988003528
36,0.0001,False,log_loss,,23,0.766282982114397,0.7655895691609977,0.7735674760099176,0.7721067271795623,0.766282982114397,0.7655895691609977,0.7721578609811037,0.7710471892194888,0.7627020831177515,0.7630507316605589,0.766282982114397,0.7655895691609977,0.766282982114397,0.7655895691609977,0.7628029283703035,0.7628527929814357,0.766282982114397,0.7655895691609977,0.7639314019381981,0.7636182237862736
37,0.001,False,squared_error,elasticnet,23,0.4910571985124845,0.49036281179138325,0.49030553479072125,0.49032015274108354,0.4910571985124845,0.49036281179138325,0.4910912040342985,0.4907723386742607,0.49030426620518275,0.4903114844637325,0.4910571985124845,0.49036281179138325,0.4910571985124845,0.49036281179138325,0.49030454576289073,0.49022503459659805,0.4910571985124845,0.49036281179138325,0.49107384705256774,0.49047683429741235
38,0.0001,False,hinge,elasticnet,23,0.7653267221533557,0.7678571428571429,0.7650281188595136,0.767669775434938,0.7653267221533557,0.7678571428571429,0.7652505171488829,0.7678202371527691,0.7646994113499658,0.7675365814196528,0.7653267221533557,0.7678571428571429,0.7653267221533557,0.7678571428571429,0.7648289546186885,0.7675927276166904,0.7653267221533557,0.7678571428571429,0.7652539155085623,0.767828257158606
39,0.001,True,perceptron,elasticnet,23,0.7021781476890384,0.7071995464852607,0.7119669924669925,0.7181141589795648,0.7021781476890384,0.7071995464852607,0.7105224377286357,0.7168566058008734,0.6972554283612538,0.7034657419198576,0.7021781476890384,0.7071995464852607,0.7021781476890384,0.7071995464852607,0.6950662178989033,0.7008749866111167,0.7021781476890384,0.7071995464852607,0.6968953297118113,0.7021818157469046
40,0.0001,False,log_loss,l1,23,0.76072250752612,0.7633219954648526,0.7605903778532059,0.7634514473811599,0.76072250752612,0.7633219954648526,0.7606668159373279,0.7633912635955082,0.7597899289964816,0.7625881867047597,0.76072250752612,0.7633219954648526,0.76072250752612,0.7633219954648526,0.7600334539795233,0.7627904898141098,0.76072250752612,0.7633219954648526,0.7605385170219394,0.7631278526822459
41,0.01,False,hinge,l1,23,0.6082875863290242,0.6000566893424036,0.6165529417716396,0.6086986205318592,0.6082875863290242,0.6000566893424036,0.6156599774086722,0.6079761877983557,0.6013040888350829,0.5947429096007671,0.6082875863290242,0.6000566893424036,0.6082875863290242,0.6000566893424036,0.5917243836801114,0.5842935360588034,0.6082875863290242,0.6000566893424036,0.5949543101330117,0.5867256965363312
42,0.0001,True,log_loss,l2,23,0.7608287586329024,0.7638888888888888,0.7608724045708202,0.7641421738795032,0.7608287586329024,0.7638888888888888,0.7616659020323079,0.7647015115671099,0.7612742603461804,0.764331897556907,0.7608287586329024,0.7638888888888888,0.7608287586329024,0.7638888888888888,0.7607463551529795,0.763872934336916,0.7608287586329024,0.7638888888888888,0.760920754884343,0.7639312509751616
43,0.001,False,log_loss,l1,23,0.6904196918717903,0.6918934240362812,0.6906795243414928,0.6922564786743635,0.6904196918717903,0.6918934240362812,0.6905906701296828,0.6921446071870475,0.6884547688355428,0.69060068764159,0.6904196918717903,0.6918934240362812,0.6904196918717903,0.6918934240362812,0.6885699860514758,0.690635139481512,0.6904196918717903,0.6918934240362812,0.689512689982877,0.6912279313162032
44,0.0001,False,squared_error,elasticnet,23,0.5033469098636444,0.5031179138321995,0.5070302146621386,0.5056056293485136,0.5033469098636444,0.5031179138321995,0.5078502879449193,0.506083342835342,0.5068219497267528,0.5054733414241174,0.5033469098636444,0.5031179138321995,0.5033469098636444,0.5031179138321995,0.5010008725893924,0.5011247429328982,0.5033469098636444,0.5031179138321995,0.499656990700371,0.5001773164067729
45,0.0001,True,perceptron,,23,0.724915884540464,0.7250566893424036,0.7246648508685019,0.7250006186434386,0.724915884540464,0.7250566893424036,0.725299011101317,0.7254251539356019,0.724957586656269,0.7252003691353208,0.724915884540464,0.7250566893424036,0.724915884540464,0.7250566893424036,0.7247090141528125,0.7249771441135966,0.724915884540464,0.7250566893424036,0.7250054214653519,0.7251176740178222
46,0.01,True,log_loss,elasticnet,23,0.6614131397202054,0.6595804988662132,0.6649289239983843,0.6636922058633605,0.6614131397202054,0.6595804988662132,0.6642931821486369,0.663106398146025,0.6573901642088525,0.6565537763193066,0.6614131397202054,0.6595804988662132,0.6614131397202054,0.6595804988662132,0.6557513503215922,0.6545676605039932,0.6614131397202054,0.6595804988662132,0.6574853808222998,0.6558179213660997
47,0.001,False,hinge,,23,0.7630954489109262,0.7687074829931972,0.7630013182786544,0.768765534943888,0.7630954489109262,0.7687074829931972,0.7630544975304066,0.7687362325306821,0.7621344922652245,0.7680552557876822,0.7630954489109262,0.7687074829931972,0.7630954489109262,0.7687074829931972,0.7623922674419656,0.7682426568731474,0.7630954489109262,0.7687074829931972,0.7628999681249586,0.7685545022448265
48,0.01,False,squared_error,,23,0.49176553922436694,0.49489795918367346,0.49323557781780897,0.49592564927547184,0.49176553922436694,0.49489795918367346,0.4939865095543945,0.49636847508738496,0.49326518001818886,0.4959417952469807,0.49176553922436694,0.49489795918367346,0.49176553922436694,0.49489795918367346,0.49158572203857714,0.4946990343263126,0.49176553922436694,0.49489795918367346,0.49121017164490316,0.49439780525659477
49,0.01,False,hinge,l2,23,0.6858863113157428,0.6921768707482994,0.6870315478027292,0.6940605007892221,0.6858863113157428,0.6921768707482994,0.6867249904133814,0.6936690012120891,0.683287424950377,0.6901769025377893,0.6858863113157428,0.6921768707482994,0.6858863113157428,0.6921768707482994,0.6831455343756236,0.6898127578546493,0.6858863113157428,0.6921768707482994,0.6843030064344935,0.6906263811232431
50,0.001,True,perceptron,,23,0.6682486275898707,0.671485260770975,0.7169179655990278,0.7168457545513818,0.6682486275898707,0.671485260770975,0.7213577365830004,0.7200598002336832,0.6769774092725004,0.6780161195952121,0.6682486275898707,0.671485260770975,0.6682486275898707,0.671485260770975,0.6550449704914754,0.6582218013585863,0.6682486275898707,0.671485260770975,0.6523942000855882,0.6561988852467687
51,0.001,True,perceptron,l2,23,0.732849300513547,0.7287414965986394,0.7324421609214825,0.7284957584852818,0.732849300513547,0.7287414965986394,0.7327753843957256,0.7287058249370231,0.7322651558770409,0.7284196884608543,0.732849300513547,0.7287414965986394,0.732849300513547,0.7287414965986394,0.732339700076512,0.7284529715104098,0.732849300513547,0.7287414965986394,0.7327984231971872,0.7287189163743433
52,0.01,True,squared_error,l1,23,0.5176553922436692,0.5308956916099773,0.5183480265834803,0.531724073052676,0.5176553922436692,0.5308956916099773,0.5191440177574186,0.5322229846033923,0.5183549108160463,0.5316737147409989,0.5176553922436692,0.5308956916099773,0.5176553922436692,0.5308956916099773,0.5176522557121179,0.5308495182900181,0.5176553922436692,0.5308956916099773,0.5177005670105955,0.5307096790924275
53,0.001,False,hinge,elasticnet,23,0.7301576058083938,0.7409297052154195,0.7297980905664839,0.74071501341475,0.7301576058083938,0.7409297052154195,0.7300378394560078,0.7408752763082075,0.7293547429938609,0.7405421940392172,0.7301576058083938,0.7409297052154195,0.7301576058083938,0.7409297052154195,0.7295058141305839,0.7406092696820827,0.7301576058083938,0.7409297052154195,0.7300273415264651,0.7408831903799351
54,0.01,False,hinge,,23,0.7287055073490348,0.7363945578231292,0.7282903475087406,0.7361557398643986,0.7287055073490348,0.7363945578231292,0.7286256805479877,0.736385873533721,0.7281024209410569,0.7361393321790082,0.7287055073490348,0.7363945578231292,0.7287055073490348,0.7363945578231292,0.7281803992107614,0.7361472989404203,0.7287055073490348,0.7363945578231292,0.7286496537839646,0.736389978954931
55,0.01,False,log_loss,l1,23,0.48036125376306005,0.4849773242630385,0.24018062688153002,0.24248866213151926,0.48036125376306005,0.4849773242630385,0.23074693411681896,0.23520300504933642,0.5,0.5,0.48036125376306005,0.4849773242630385,0.48036125376306005,0.4849773242630385,0.3244892100100483,0.3265890437106318,0.48036125376306005,0.4849773242630385,0.3117440875060234,0.3167765611048135
56,0.001,False,squared_error,l1,23,0.47575703913582434,0.4736394557823129,0.4771570940125633,0.47480660856172774,0.47575703913582434,0.4736394557823129,0.4778580695693595,0.4751884548414128,0.4772625964329313,0.4749965180464906,0.47575703913582434,0.4736394557823129,0.47575703913582434,0.4736394557823129,0.4755558641811807,0.4731365415556519,0.47575703913582434,0.4736394557823129,0.47515242290685905,0.4726474690049539
57,0.001,True,hinge,l2,23,0.7311846998406233,0.7414965986394558,0.7308141732751166,0.7412781406756176,0.7311846998406233,0.7414965986394558,0.7310701944347097,0.7414459417203049,0.7304238280045519,0.7411266475751611,0.7311846998406233,0.7414965986394558,0.7311846998406233,0.7414965986394558,0.7305623387814586,0.7411871073609022,0.7311846998406233,0.7414965986394558,0.7310709595733625,0.7414560096193176
58,0.0001,True,squared_error,l1,23,0.5232512838675403,0.5334467120181405,0.5197209465891183,0.5316663311888778,0.5232512838675403,0.5334467120181405,0.5203099557724746,0.5318981743926884,0.5186567706452645,0.5300076844221099,0.5232512838675403,0.5334467120181405,0.5232512838675403,0.5334467120181405,0.5140848488026564,0.5253779591708633,0.5232512838675403,0.5334467120181405,0.5167061939514331,0.527237280479149
59,0.01,True,log_loss,l2,23,0.6892509296971844,0.6964285714285714,0.6888168616352588,0.696277471197599,0.6892509296971844,0.6964285714285714,0.6890531804770239,0.696347719550595,0.6881243255654717,0.6956343218650276,0.6892509296971844,0.6964285714285714,0.6892509296971844,0.6964285714285714,0.6882834503083128,0.6957468438214511,0.6892509296971844,0.6964285714285714,0.6889655448043449,0.6961795571529167
60,0.01,True,perceptron,elasticnet,23,0.51963874623694,0.5150226757369615,0.25981937311847,0.25751133786848074,0.51963874623694,0.5150226757369615,0.2700244265906989,0.26524835652325934,0.5,0.5,0.51963874623694,0.5150226757369615,0.51963874623694,0.5150226757369615,0.3419488661523761,0.33994387277829746,0.51963874623694,0.5150226757369615,0.3553797601691278,0.350157605917328
61,0.0001,True,log_loss,elasticnet,23,0.7590579068531964,0.7610544217687075,0.7587415670602728,0.7609076462806135,0.7590579068531964,0.7610544217687075,0.7592771713814213,0.761261241774658,0.7590018918740293,0.7611027676464278,0.7590579068531964,0.7610544217687075,0.7590579068531964,0.7610544217687075,0.758822565494079,0.7609463877119487,0.7590579068531964,0.7610544217687075,0.7591184765680713,0.7610990758455011
62,0.01,True,hinge,l1,23,0.5397202054188065,0.5359977324263039,0.6866901675147936,0.6910271387491014,0.5397202054188065,0.5359977324263039,0.6805583557708995,0.6860774046918071,0.5212646980595662,0.5218804993555571,0.5397202054188065,0.5359977324263039,0.5397202054188065,0.5359977324263039,0.3940162620852567,0.3928633265054143,0.5397202054188065,0.5359977324263039,0.4056873110673373,0.40172044677839397
63,0.01,True,perceptron,l2,23,0.6995572870550735,0.713718820861678,0.7143548683543479,0.7293967136301627,0.6995572870550735,0.713718820861678,0.7169860239838005,0.7314383065459604,0.7042104483773007,0.7173811721043576,0.6995572870550735,0.713718820861678,0.6995572870550735,0.713718820861678,0.6970591381921392,0.710807186286569,0.6995572870550735,0.713718820861678,0.695978620606728,0.7099353409053218
64,0.0001,False,hinge,l2,23,0.7656454754737029,0.7687074829931972,0.7653425328796106,0.7685134505057877,0.7656454754737029,0.7687074829931972,0.7655709239991539,0.7686766841856719,0.7650311963532836,0.7684132617235686,0.7656454754737029,0.7687074829931972,0.7656454754737029,0.7687074829931972,0.7651552626488964,0.7684571660942268,0.7656454754737029,0.7687074829931972,0.7655766936742533,0.7686859039501827
65,0.001,False,squared_error,l2,23,0.5175491411368869,0.5096371882086168,0.515970679676128,0.5084128790392681,0.5175491411368869,0.5096371882086168,0.5166878094426096,0.5088426034497017,0.5158758048690906,0.5083587792029752,0.5175491411368869,0.5096371882086168,0.5175491411368869,0.5096371882086168,0.5156349118195169,0.5079921529478681,0.5175491411368869,0.5096371882086168,0.5168309007282286,0.5088469261715906
66,0.001,False,perceptron,l2,23,0.7110324065875686,0.7108843537414966,0.7286486877730701,0.7297974666395719,0.7110324065875686,0.7108843537414966,0.7265119213031236,0.7280295742522739,0.7049892692496609,0.7062418158009602,0.7110324065875686,0.7108843537414966,0.7110324065875686,0.7108843537414966,0.7011835427795761,0.7016709134778001,0.7110324065875686,0.7108843537414966,0.7033143250587535,0.7032461145551416
67,0.0001,True,perceptron,l1,23,0.7415264742341066,0.7477324263038548,0.741212247497784,0.7475834047088861,0.7415264742341066,0.7477324263038548,0.7414195511566667,0.7476763240563372,0.7407286383403562,0.7472317263380753,0.7415264742341066,0.7477324263038548,0.7415264742341066,0.7477324263038548,0.7408939891045698,0.7473458569297394,0.7415264742341066,0.7477324263038548,0.7413968034476927,0.7476427870286977
68,0.01,True,log_loss,l1,23,0.51963874623694,0.5150226757369615,0.25981937311847,0.25751133786848074,0.51963874623694,0.5150226757369615,0.2700244265906989,0.26524835652325934,0.5,0.5,0.51963874623694,0.5150226757369615,0.51963874623694,0.5150226757369615,0.3419488661523761,0.33994387277829746,0.51963874623694,0.5150226757369615,0.3553797601691278,0.350157605917328
69,0.0001,False,squared_error,l2,23,0.5268284044625465,0.5314625850340136,0.5253789670165996,0.5303067451236787,0.5268284044625465,0.5314625850340136,0.5260679623563146,0.5306713850953915,0.5252446406852436,0.530058988956498,0.5268284044625465,0.5314625850340136,0.5268284044625465,0.5314625850340136,0.5250639058026348,0.5296168082076196,0.5268284044625465,0.5314625850340136,0.5262009360256692,0.5305021129297814
70,0.001,False,hinge,l2,23,0.7311846998406233,0.7414965986394558,0.7308141732751166,0.7412781406756176,0.7311846998406233,0.7414965986394558,0.7310701944347097,0.7414459417203049,0.7304238280045519,0.7411266475751611,0.7311846998406233,0.7414965986394558,0.7311846998406233,0.7414965986394558,0.7305623387814586,0.7411871073609022,0.7311846998406233,0.7414965986394558,0.7310709595733625,0.7414560096193176
71,0.01,True,squared_error,elasticnet,23,0.46537984770674695,0.45068027210884354,0.4600600160644058,0.4447239921848175,0.46537984770674695,0.45068027210884354,0.46113601338181526,0.4455397101072293,0.4615067837228922,0.44733694084088615,0.46537984770674695,0.45068027210884354,0.46537984770674695,0.45068027210884354,0.4579939557292875,0.44200103418017717,0.46537984770674695,0.45068027210884354,0.4604790753297131,0.4440919414993559
72,0.001,True,squared_error,l1,23,0.4918717903311493,0.48214285714285715,0.49310438448483684,0.48314418708033313,0.4918717903311493,0.48214285714285715,0.49385835410228834,0.4835588002575692,0.49312220502391557,0.48321778823096495,0.4918717903311493,0.48214285714285715,0.4918717903311493,0.48214285714285715,0.49179280425260086,0.48190871927607387,0.4918717903311493,0.48214285714285715,0.49154395322671945,0.48157780442435355
73,0.0001,True,perceptron,l2,23,0.7410306357357889,0.7514172335600907,0.7443342718383485,0.7546020970073095,0.7410306357357889,0.7514172335600907,0.745900638848925,0.7557126086040371,0.7430324496024892,0.7529400393131047,0.7410306357357889,0.7514172335600907,0.7410306357357889,0.7514172335600907,0.7409077138737283,0.7512213372005092,0.7410306357357889,0.7514172335600907,0.7406860547761263,0.7510115895831795
74,0.0001,False,squared_error,,23,0.5021781476890385,0.5104875283446711,0.5086524887905717,0.5160041652524084,0.5021781476890385,0.5104875283446711,0.5095231137792464,0.5165912772124688,0.50792654544152,0.5147419317588577,0.5021781476890385,0.5104875283446711,0.5021781476890385,0.5104875283446711,0.49409488709034477,0.5025736076609884,0.5021781476890385,0.5104875283446711,0.49158316503824295,0.5006884939700437
75,0.01,True,perceptron,l1,23,0.51963874623694,0.5150226757369615,0.25981937311847,0.25751133786848074,0.51963874623694,0.5150226757369615,0.2700244265906989,0.26524835652325934,0.5,0.5,0.51963874623694,0.5150226757369615,0.51963874623694,0.5150226757369615,0.3419488661523761,0.33994387277829746,0.51963874623694,0.5150226757369615,0.3553797601691278,0.350157605917328
76,0.0001,True,squared_error,elasticnet,23,0.4623693996812467,0.4580498866213152,0.4622018921152418,0.4577540653640913,0.4623693996812467,0.4580498866213152,0.46298571443886805,0.45822917223175397,0.46214615730412245,0.45773069268841227,0.4623693996812467,0.4580498866213152,0.4623693996812467,0.4580498866213152,0.4620637771745163,0.45772766312940794,0.4623693996812467,0.4580498866213152,0.4625673958371671,0.4581248223171075
77,0.0001,False,log_loss,l2,23,0.7594474942447317,0.7647392290249433,0.7593052713308803,0.7647839376335095,0.7594474942447317,0.7647392290249433,0.7599940277128067,0.7652578488843106,0.7596888417081207,0.7650210509420252,0.7594474942447317,0.7647392290249433,0.7594474942447317,0.7647392290249433,0.7593123708895897,0.7646956722980791,0.7594474942447317,0.7647392290249433,0.7595363646128371,0.7647918600699042
78,0.001,True,perceptron,l1,23,0.6438462900655215,0.6357709750566893,0.6432407725767921,0.635371809158324,0.6438462900655215,0.6357709750566893,0.6435042166313236,0.6355510955364034,0.6422928611107694,0.6348878231984629,0.6438462900655215,0.6357709750566893,0.6438462900655215,0.6357709750566893,0.6423455153583436,0.6349132835698656,0.6438462900655215,0.6357709750566893,0.6432554984913454,0.6354449519769025
79,0.01,False,squared_error,l1,23,0.4949530724278378,0.5,0.4957164575440477,0.5007255664491632,0.4949530724278378,0.5,0.4964812218564928,0.5011779784704061,0.4957164336935329,0.5007245358226272,0.4949530724278378,0.5,0.4949530724278378,0.5,0.4949530717943239,0.49995886149178514,0.4949530724278378,0.5,0.49495377436124155,0.4998225901833235
80,0.01,False,perceptron,l1,23,0.5693996812466796,0.5518707482993197,0.5688289957607617,0.5513687430264322,0.5693996812466796,0.5518707482993197,0.5689177726164053,0.5514281320430908,0.5645407008900907,0.548098885549716,0.5693996812466796,0.5518707482993197,0.5693996812466796,0.5518707482993197,0.5600364731741607,0.5426478152325275,0.5693996812466796,0.5518707482993197,0.5625574243158028,0.5445991743245034
81,0.01,False,hinge,elasticnet,23,0.663361076677882,0.6575963718820862,0.6636094963837766,0.6581414843730371,0.663361076677882,0.6575963718820862,0.6635353382535379,0.6580083462992102,0.6610255401888405,0.6558890689819219,0.663361076677882,0.6575963718820862,0.663361076677882,0.6575963718820862,0.6608863669102327,0.6555791213171224,0.663361076677882,0.6575963718820862,0.6620241998838329,0.6563710789463303
82,0.01,False,perceptron,,23,0.7153887019656455,0.7123015873015873,0.7212957946628129,0.7179837150645025,0.7153887019656455,0.7123015873015873,0.7202099392341442,0.7171281674183816,0.7115187864564502,0.7094929793202519,0.7153887019656455,0.7123015873015873,0.7153887019656455,0.7123015873015873,0.7107621305527068,0.7084596384248849,0.7153887019656455,0.7123015873015873,0.7121989459256973,0.7094651855382934
83,0.01,True,hinge,elasticnet,23,0.6632902426066938,0.6581632653061225,0.6636239061356066,0.6588311737950541,0.6632902426066938,0.6581632653061225,0.6635269119407011,0.6586738442398835,0.6608849345849263,0.6563882830093213,0.6632902426066938,0.6581632653061225,0.6632902426066938,0.6581632653061225,0.660710532583551,0.6560274869639031,0.6632902426066938,0.6581632653061225,0.6618725546857708,0.6568418484900732
84,0.0001,False,hinge,,23,0.7715247033823269,0.7786281179138322,0.7711944567840991,0.7784351864601335,0.7715247033823269,0.7786281179138322,0.7714772702801876,0.7786114858919616,0.7710421135593171,0.7783854800769536,0.7715247033823269,0.7786281179138322,0.7715247033823269,0.7786281179138322,0.7711098827082441,0.7784087660239127,0.7715247033823269,0.7786281179138322,0.7714926082719361,0.77861823719807
85,0.01,False,perceptron,elasticnet,23,0.6095625996104126,0.5975056689342404,0.6115270986977357,0.5994481708767423,0.6095625996104126,0.5975056689342404,0.6126104549820924,0.6001485287199573,0.6111327899022221,0.5988467898640253,0.6095625996104126,0.5975056689342404,0.6095625996104126,0.5975056689342404,0.6094629582308431,0.5972197343163037,0.6095625996104126,0.5975056689342404,0.6092179420668903,0.5968972974067154
86,0.01,False,log_loss,l2,23,0.6893925978395609,0.6961451247165533,0.6892481081739394,0.6963865844353401,0.6893925978395609,0.6961451247165533,0.6893073462660555,0.6963060978624112,0.6878008698612421,0.6949670412594604,0.6893925978395609,0.6961451247165533,0.6893925978395609,0.6961451247165533,0.6879692099954069,0.6950439612186579,0.6893925978395609,0.6961451247165533,0.6887969693657093,0.6955945429676055
87,0.001,True,hinge,,23,0.7638746236939968,0.7675736961451247,0.763809071596099,0.7676277167103508,0.7638746236939968,0.7675736961451247,0.7638453657930879,0.7676004491869509,0.7628870061205549,0.7669204445192122,0.7638746236939968,0.7675736961451247,0.7638746236939968,0.7675736961451247,0.7631553283985231,0.7671065914656628,0.7638746236939968,0.7675736961451247,0.7636679880917624,0.7674199654911246
88,0.001,True,hinge,l1,23,0.7250221356472464,0.7375283446712018,0.7250087837123937,0.7376571790504804,0.7250221356472464,0.7375283446712018,0.7250148398660754,0.7376025532736664,0.7236665804741249,0.7366774668876676,0.7250221356472464,0.7375283446712018,0.7250221356472464,0.7375283446712018,0.7239286309816537,0.7368585029520502,0.7250221356472464,0.7375283446712018,0.7246110714285543,0.7372573974589607
89,0.01,False,log_loss,elasticnet,23,0.6576235169116345,0.6530612244897959,0.6588752687820706,0.6547537708355693,0.6576235169116345,0.6530612244897959,0.6585860016796923,0.6544433730628149,0.6545239782706351,0.6507360994465221,0.6576235169116345,0.6530612244897959,0.6576235169116345,0.6530612244897959,0.653834476742278,0.6497700696360531,0.6576235169116345,0.6530612244897959,0.6552569701572464,0.6507901351755172
90,0.0001,True,squared_error,,23,0.5145032760757925,0.5170068027210885,0.517553408172857,0.5196841309871696,0.5145032760757925,0.5170068027210885,0.5184200739416617,0.5202236686225395,0.5172445964030212,0.5192639681017676,0.5145032760757925,0.5170068027210885,0.5145032760757925,0.5170068027210885,0.5133118475270468,0.5152894325131561,0.5145032760757925,0.5170068027210885,0.5123660391801902,0.5144225694558187
91,0.0001,True,hinge,l1,23,0.7657871436160794,0.7706916099773242,0.7657110357190101,0.7706596494846689,0.7657871436160794,0.7706916099773242,0.7657538584779394,0.7706776697624427,0.7648247729546136,0.7701349389669037,0.7657871436160794,0.7706916099773242,0.7657871436160794,0.7706916099773242,0.7650883153274332,0.7702928127772848,0.7657871436160794,0.7706916099773242,0.7655915624521791,0.7705803808262928
92,0.01,True,squared_error,l2,23,0.46658402691694706,0.45408163265306123,0.4610430162428836,0.4480704190499467,0.46658402691694706,0.45408163265306123,0.4621227879591965,0.44887292363676057,0.4625679263762927,0.4506561351377519,0.46658402691694706,0.45408163265306123,0.46658402691694706,0.45408163265306123,0.4587354332175414,0.4450530549601757,0.46658402691694706,0.45408163265306123,0.4612954598094946,0.44717978659449986
93,0.001,True,log_loss,elasticnet,23,0.7055073490348858,0.7168367346938775,0.7055420498353648,0.7172069801384968,0.7055073490348858,0.7168367346938775,0.706327421013556,0.7177841274492269,0.705859013906668,0.717322469423945,0.7055073490348858,0.7168367346938775,0.7055073490348858,0.7168367346938775,0.705403547525701,0.7168285217367272,0.7055073490348858,0.7168367346938775,0.7056207472873726,0.7168743413924086
94,0.001,False,perceptron,,23,0.6195147866123606,0.6176303854875284,0.6831827433610874,0.67450722087758,0.6195147866123606,0.6176303854875284,0.687827685406633,0.6777347072541033,0.6302887833070454,0.6256980392018108,0.6195147866123606,0.6176303854875284,0.6195147866123606,0.6176303854875284,0.5942467373942815,0.5922006905715316,0.6195147866123606,0.6176303854875284,0.5902696913280241,0.5891410450992323
95,0.0001,False,perceptron,l2,23,0.7392597839560828,0.7446145124716553,0.7412193587456217,0.7459314499242986,0.7392597839560828,0.7446145124716553,0.7425420419115368,0.7467430509125554,0.7407740135476666,0.7455685909458916,0.7392597839560828,0.7446145124716553,0.7392597839560828,0.7446145124716553,0.7392364658219015,0.7445921662068691,0.7392597839560828,0.7446145124716553,0.7391396125979046,0.7445203872957376
