,criterion,max_depth,max_features,max_leaf_nodes,min_samples_leaf,min_samples_split,random_state,splitter,acc_train,acc_val,precision_macro_train,precision_macro_val,precision_micro_train,precision_micro_val,precision_weighted_train,precision_weighted_val,recall_macro_train,recall_macro_val,recall_micro_train,recall_micro_val,recall_weighted_train,recall_weighted_val,f1_macro_train,f1_macro_val,f1_micro_train,f1_micro_val,f1_weighted_train,f1_weighted_val
0,entropy,,sqrt,30.0,4,10,23,random,0.7446153846153846,0.7209302325581395,0.7455621301775148,0.7288888888888889,0.7446153846153846,0.7209302325581395,0.7462175694128358,0.7300258397932816,0.7453573864928371,0.722943722943723,0.7446153846153846,0.7209302325581395,0.7446153846153846,0.7209302325581395,0.7446057128790676,0.7195652173913043,0.7446153846153846,0.7209302325581395,0.7445621900656411,0.7191102123356926
1,gini,5.0,sqrt,10.0,1,2,23,best,0.7415384615384616,0.6511627906976745,0.7487179487179487,0.6702380952380952,0.7415384615384616,0.6511627906976745,0.747723865877712,0.6717054263565891,0.7389524747972409,0.6547619047619048,0.7415384615384616,0.6511627906976745,0.7415384615384616,0.6511627906976745,0.7381445672191529,0.6442360728075014,0.7415384615384616,0.6511627906976745,0.7389701090806063,0.6430816198258059
2,gini,,sqrt,,4,5,23,random,0.7538461538461538,0.6976744186046512,0.7550284629981024,0.7092760180995474,0.7538461538461538,0.6976744186046512,0.7557378484892716,0.7105650847100915,0.7546805123929357,0.7002164502164503,0.7538461538461538,0.6976744186046512,0.7538461538461538,0.6976744186046512,0.7538251780033328,0.6950354609929078,0.7538461538461538,0.6976744186046512,0.7537622504748698,0.694375721589972
3,entropy,,0.5,,4,5,23,best,0.7630769230769231,0.627906976744186,0.7629006592407366,0.6400462962962963,0.7630769230769231,0.627906976744186,0.7631272841729765,0.6411498708010336,0.7629803683771698,0.6309523809523809,0.7630769230769231,0.627906976744186,0.7630769230769231,0.627906976744186,0.762933280283438,0.6228070175438596,0.7630769230769231,0.627906976744186,0.7630948784261087,0.6217870257037944
4,entropy,15.0,log2,,2,2,23,random,0.7569230769230769,0.627906976744186,0.7579492471145761,0.6333333333333333,0.7569230769230769,0.627906976744186,0.7576513267363989,0.6341085271317829,0.755798529523232,0.6298701298701299,0.7569230769230769,0.627906976744186,0.7569230769230769,0.627906976744186,0.7559990496555001,0.6260869565217391,0.7569230769230769,0.627906976744186,0.7564148619259097,0.6254802831142569
5,entropy,5.0,0.5,30.0,1,10,23,random,0.7292307692307692,0.5813953488372093,0.7421747967479675,0.5855555555555556,0.7292307692307692,0.5813953488372093,0.7408042526579112,0.5861498708010336,0.7257826119912074,0.5833333333333333,0.7292307692307692,0.5813953488372093,0.7292307692307692,0.5813953488372093,0.7234470488125628,0.5793478260869566,0.7292307692307692,0.5813953488372093,0.7245545697437088,0.578665318503539
6,entropy,5.0,log2,,2,5,23,best,0.7261538461538461,0.627906976744186,0.738150218765192,0.6502463054187192,0.7261538461538461,0.627906976744186,0.7368494072772147,0.6517355939970214,0.7227886000151595,0.6320346320346321,0.7261538461538461,0.627906976744186,0.7261538461538461,0.627906976744186,0.7205557004704906,0.6177777777777778,0.7261538461538461,0.627906976744186,0.721650989843321,0.6163307493540052
7,gini,5.0,0.7,30.0,2,10,23,random,0.7261538461538461,0.627906976744186,0.7277722277722278,0.6293478260869565,0.7261538461538461,0.627906976744186,0.7273987550910628,0.6298281092012133,0.7246645948609112,0.6287878787878788,0.7261538461538461,0.627906976744186,0.7261538461538461,0.627906976744186,0.724652305114756,0.6277056277056277,0.7261538461538461,0.627906976744186,0.7252153830044147,0.6275042786670694
8,gini,15.0,0.7,10.0,4,2,23,best,0.7538461538461538,0.627906976744186,0.7615384615384615,0.6400462962962963,0.7538461538461538,0.627906976744186,0.7604733727810651,0.6411498708010336,0.7512696126733873,0.6309523809523809,0.7538461538461538,0.627906976744186,0.7538461538461538,0.627906976744186,0.7506138735420503,0.6228070175438596,0.7538461538461538,0.627906976744186,0.7514001038862917,0.6217870257037944
9,entropy,,,,4,5,23,random,0.7630769230769231,0.6744186046511628,0.7633522727272728,0.6898148148148149,0.7630769230769231,0.6744186046511628,0.7638479020979021,0.6912144702842377,0.763492003335102,0.6774891774891775,0.7630769230769231,0.6744186046511628,0.7630769230769231,0.6744186046511628,0.7630679505022675,0.6699561403508771,0.7630769230769231,0.6744186046511628,0.7631083270882174,0.66906364749082
10,entropy,15.0,0.5,30.0,1,5,23,best,0.7692307692307693,0.5581395348837209,0.7738002795465134,0.5603070175438596,0.7692307692307693,0.5581395348837209,0.7729938953731468,0.5607405140758874,0.7672629424694914,0.5595238095238095,0.7692307692307693,0.5581395348837209,0.7692307692307693,0.5581395348837209,0.767247553115302,0.5571815718157181,0.7692307692307693,0.5581395348837209,0.7678425179499421,0.5567025902817168
11,gini,,sqrt,,1,5,23,random,0.7661538461538462,0.5581395348837209,0.7663043478260869,0.5603070175438596,0.7661538461538462,0.5581395348837209,0.7667558528428094,0.5607405140758874,0.7664860153111499,0.5595238095238095,0.7661538461538462,0.5581395348837209,0.7661538461538462,0.5581395348837209,0.7661339191031662,0.5571815718157181,0.7661538461538462,0.5581395348837209,0.7661937002552061,0.5567025902817168
12,gini,20.0,sqrt,30.0,1,10,23,random,0.76,0.6046511627906976,0.7601499772761703,0.6074561403508771,0.76,0.6046511627906976,0.7605999091046811,0.6080171358629131,0.7603274463730767,0.606060606060606,0.76,0.6046511627906976,0.76,0.6046511627906976,0.7599795485532495,0.6037940379403794,0.76,0.6046511627906976,0.760040902893501,0.6033654755152202
13,entropy,15.0,0.7,10.0,2,5,23,random,0.7323076923076923,0.6744186046511628,0.7478632478632479,0.7032019704433498,0.7323076923076923,0.6744186046511628,0.7463247863247863,0.7051208614961623,0.7286060789812779,0.6785714285714286,0.7323076923076923,0.6744186046511628,0.7323076923076923,0.6744186046511628,0.7258181818181818,0.6655555555555556,0.7323076923076923,0.6744186046511628,0.7269862937062936,0.6642894056847546
14,gini,,sqrt,30.0,2,10,23,random,0.7538461538461538,0.6744186046511628,0.7550284629981024,0.6811111111111111,0.7538461538461538,0.6744186046511628,0.7557378484892716,0.6820671834625324,0.7546805123929357,0.6764069264069263,0.7538461538461538,0.6744186046511628,0.7538461538461538,0.6744186046511628,0.7538251780033328,0.6728260869565217,0.7538461538461538,0.6744186046511628,0.7537622504748698,0.6722952477249747
15,gini,5.0,0.5,,1,2,23,random,0.7415384615384616,0.6976744186046512,0.7416527228475813,0.7214285714285715,0.7415384615384616,0.6976744186046512,0.7416037537151015,0.7232558139534884,0.7408284696429925,0.7012987012987013,0.7415384615384616,0.6976744186046512,0.7415384615384616,0.6976744186046512,0.7409867172675522,0.6916712630998345,0.7415384615384616,0.6976744186046512,0.7413177638300978,0.690670737182365
16,gini,5.0,sqrt,10.0,2,5,23,random,0.7230769230769231,0.7674418604651163,0.7229166666666667,0.7695652173913043,0.7230769230769231,0.7674418604651163,0.7232051282051282,0.770273003033367,0.7230349427726825,0.7683982683982684,0.7230769230769231,0.7674418604651163,0.7230769230769231,0.7674418604651163,0.7229483973630371,0.7673160173160173,0.7230769230769231,0.7674418604651163,0.7231136447094618,0.7671901741669183
17,entropy,20.0,log2,30.0,2,2,23,best,0.7569230769230769,0.5813953488372093,0.7569919440644475,0.5855555555555556,0.7569230769230769,0.5813953488372093,0.7569593227869562,0.5861498708010336,0.7563101644811643,0.5833333333333333,0.7569230769230769,0.5813953488372093,0.7569230769230769,0.5813953488372093,0.7564711796564513,0.5793478260869566,0.7569230769230769,0.5813953488372093,0.7567616850421391,0.578665318503539
18,entropy,15.0,sqrt,30.0,4,5,23,random,0.7476923076923077,0.6511627906976745,0.7478412361763369,0.660633484162896,0.7476923076923077,0.6511627906976745,0.7482880216284246,0.6616857834368095,0.7480103084969303,0.6536796536796536,0.7476923076923077,0.6511627906976745,0.7476923076923077,0.6511627906976745,0.7476708074534162,0.6481178396072014,0.7476923076923077,0.6511627906976745,0.7477353081700907,0.6473566018345831
19,gini,,sqrt,10.0,2,5,23,best,0.7415384615384616,0.6511627906976745,0.7487179487179487,0.6702380952380952,0.7415384615384616,0.6511627906976745,0.747723865877712,0.6717054263565891,0.7389524747972409,0.6547619047619048,0.7415384615384616,0.6511627906976745,0.7415384615384616,0.6511627906976745,0.7381445672191529,0.6442360728075014,0.7415384615384616,0.6511627906976745,0.7389701090806063,0.6430816198258059
20,entropy,20.0,0.5,30.0,2,10,23,random,0.7630769230769231,0.5581395348837209,0.7631220177232447,0.5603070175438596,0.7630769230769231,0.5581395348837209,0.7635278695401395,0.5607405140758874,0.7633214583491246,0.5595238095238095,0.7630769230769231,0.5581395348837209,0.7630769230769231,0.5581395348837209,0.7630410287002054,0.5571815718157181,0.7630769230769231,0.5581395348837209,0.7631217910478201,0.5567025902817168
21,entropy,15.0,log2,30.0,1,5,23,best,0.7630769230769231,0.6046511627906976,0.7658996299722479,0.6074561403508771,0.7630769230769231,0.6046511627906976,0.7653088308546219,0.6080171358629131,0.7614454635033729,0.606060606060606,0.7630769230769231,0.6046511627906976,0.7630769230769231,0.6046511627906976,0.7615508485073702,0.6037940379403794,0.7630769230769231,0.6046511627906976,0.7620791050891386,0.6033654755152202
22,entropy,5.0,log2,,4,2,23,best,0.7261538461538461,0.5813953488372093,0.7283186864014801,0.5855555555555556,0.7261538461538461,0.5813953488372093,0.7278655803031381,0.5861498708010336,0.7244940498749337,0.5833333333333333,0.7261538461538461,0.5813953488372093,0.7261538461538461,0.5813953488372093,0.724389941781246,0.5793478260869566,0.7261538461538461,0.5813953488372093,0.7250005240640692,0.578665318503539
23,gini,,0.7,10.0,1,2,23,random,0.7261538461538461,0.6744186046511628,0.7289394291018798,0.6811111111111111,0.7261538461538461,0.6744186046511628,0.7284060196011926,0.6820671834625324,0.7243235048889562,0.6764069264069263,0.7261538461538461,0.6744186046511628,0.7261538461538461,0.6744186046511628,0.7241060272221745,0.6728260869565217,0.7261538461538461,0.6744186046511628,0.7247642547359262,0.6722952477249747
24,gini,20.0,,10.0,4,5,23,best,0.7476923076923077,0.6976744186046512,0.7550282354761353,0.6978260869565217,0.7476923076923077,0.6976744186046512,0.7564329876049533,0.6977755308392315,0.7498863033426817,0.696969696969697,0.7476923076923077,0.6976744186046512,0.7476923076923077,0.6976744186046512,0.746827025383797,0.6970189701897019,0.7476923076923077,0.6976744186046512,0.7464171548166076,0.6973466943971766
25,gini,,log2,30.0,1,2,23,best,0.76,0.5581395348837209,0.7598158114151444,0.5603070175438596,0.76,0.5581395348837209,0.76,0.5607405140758874,0.7598158114151444,0.5595238095238095,0.76,0.5581395348837209,0.76,0.5581395348837209,0.7598158114151444,0.5571815718157181,0.76,0.5581395348837209,0.76,0.5567025902817168
26,entropy,5.0,log2,30.0,4,10,23,random,0.7107692307692308,0.627906976744186,0.7149527232945221,0.6400462962962963,0.7107692307692308,0.627906976744186,0.7142921718431603,0.6411498708010336,0.7085007200788297,0.6309523809523809,0.7107692307692308,0.627906976744186,0.7107692307692308,0.627906976744186,0.7077561796892937,0.6228070175438596,0.7107692307692308,0.627906976744186,0.7085779208929128,0.6217870257037944
27,gini,15.0,0.5,,1,5,23,best,0.7661538461538462,0.6511627906976745,0.7661137620237826,0.6702380952380952,0.7661538461538462,0.6511627906976745,0.7664745191943556,0.6717054263565891,0.7663154703251724,0.6547619047619048,0.7661538461538462,0.6511627906976745,0.7661538461538462,0.6511627906976745,0.7660984848484849,0.6442360728075014,0.7661538461538462,0.6511627906976745,0.7661981351981352,0.6430816198258059
28,gini,20.0,sqrt,10.0,1,5,23,best,0.7415384615384616,0.6511627906976745,0.7487179487179487,0.6702380952380952,0.7415384615384616,0.6511627906976745,0.747723865877712,0.6717054263565891,0.7389524747972409,0.6547619047619048,0.7415384615384616,0.6511627906976745,0.7415384615384616,0.6511627906976745,0.7381445672191529,0.6442360728075014,0.7415384615384616,0.6511627906976745,0.7389701090806063,0.6430816198258059
29,entropy,5.0,log2,10.0,2,5,23,random,0.7107692307692308,0.627906976744186,0.7149527232945221,0.6400462962962963,0.7107692307692308,0.627906976744186,0.7142921718431603,0.6411498708010336,0.7085007200788297,0.6309523809523809,0.7107692307692308,0.627906976744186,0.7107692307692308,0.627906976744186,0.7077561796892937,0.6228070175438596,0.7107692307692308,0.627906976744186,0.7085779208929128,0.6217870257037944
30,entropy,5.0,log2,30.0,4,10,23,best,0.7107692307692308,0.6046511627906976,0.7107286222828145,0.6074561403508771,0.7107692307692308,0.6046511627906976,0.7110940986605608,0.6080171358629131,0.7108883498825135,0.606060606060606,0.7107692307692308,0.6046511627906976,0.7107692307692308,0.6046511627906976,0.7107007575757576,0.6037940379403794,0.7107692307692308,0.6046511627906976,0.7108240093240094,0.6033654755152202
31,entropy,,sqrt,10.0,1,2,23,best,0.7415384615384616,0.6046511627906976,0.7553861788617886,0.6119909502262444,0.7415384615384616,0.6046511627906976,0.7539199499687304,0.6128064821635273,0.7380997498673539,0.6071428571428572,0.7415384615384616,0.6046511627906976,0.7415384615384616,0.6046511627906976,0.7360176375029008,0.6012002182214948,0.7415384615384616,0.6046511627906976,0.7370748165735402,0.6003374820791941
32,entropy,,0.5,30.0,2,5,23,random,0.7630769230769231,0.5581395348837209,0.767491070041932,0.5603070175438596,0.7630769230769231,0.5581395348837209,0.7667121029304599,0.5607405140758874,0.7611043735314182,0.5595238095238095,0.7630769230769231,0.5581395348837209,0.7630769230769231,0.5581395348837209,0.7610408211983767,0.5571815718157181,0.7630769230769231,0.5581395348837209,0.7616516517619406,0.5567025902817168
33,entropy,20.0,,30.0,4,5,23,random,0.7569230769230769,0.6511627906976745,0.7578895463510849,0.660633484162896,0.7569230769230769,0.6511627906976745,0.7585586405704748,0.6616857834368095,0.7576745243689835,0.6536796536796536,0.7569230769230769,0.6511627906976745,0.7569230769230769,0.6511627906976745,0.7569138712945342,0.6481178396072014,0.7569230769230769,0.6511627906976745,0.756872445966092,0.6473566018345831
34,gini,15.0,0.5,10.0,2,2,23,random,0.7353846153846154,0.6046511627906976,0.7503684598378777,0.6190476190476191,0.7353846153846154,0.6046511627906976,0.7488532396122668,0.6201550387596899,0.7317706359433033,0.6082251082251082,0.7353846153846154,0.6046511627906976,0.7353846153846154,0.6046511627906976,0.729229636518639,0.5968008825151683,0.7353846153846154,0.6046511627906976,0.7303601428409612,0.5954925024692467
35,entropy,20.0,sqrt,10.0,4,10,23,best,0.7415384615384616,0.6046511627906976,0.7553861788617886,0.6119909502262444,0.7415384615384616,0.6046511627906976,0.7539199499687304,0.6128064821635273,0.7380997498673539,0.6071428571428572,0.7415384615384616,0.6046511627906976,0.7415384615384616,0.6046511627906976,0.7360176375029008,0.6012002182214948,0.7415384615384616,0.6046511627906976,0.7370748165735402,0.6003374820791941
36,entropy,15.0,0.5,30.0,4,5,23,best,0.7630769230769231,0.627906976744186,0.7636625483210793,0.6333333333333333,0.7630769230769231,0.627906976744186,0.7642481735652357,0.6341085271317829,0.7636625483210793,0.6298701298701299,0.7630769230769231,0.627906976744186,0.7630769230769231,0.627906976744186,0.7630769230769231,0.6260869565217391,0.7630769230769231,0.627906976744186,0.7630769230769231,0.6254802831142569
37,gini,15.0,log2,10.0,1,10,23,best,0.7292307692307692,0.627906976744186,0.7340001562866296,0.6400462962962963,0.7292307692307692,0.627906976744186,0.7332470951725465,0.6411498708010336,0.7269764268930494,0.6309523809523809,0.7292307692307692,0.627906976744186,0.7292307692307692,0.627906976744186,0.7264100405601899,0.6228070175438596,0.7292307692307692,0.627906976744186,0.7271793301976206,0.6217870257037944
38,gini,15.0,0.5,30.0,2,2,23,random,0.76,0.5813953488372093,0.7608413498244007,0.5826086956521739,0.76,0.5813953488372093,0.7605802412582074,0.5830131445904954,0.7589630864852572,0.5822510822510822,0.76,0.5813953488372093,0.76,0.5813953488372093,0.7591769265845874,0.5811688311688312,0.76,0.5813953488372093,0.7595668034655723,0.5809423135004531
39,gini,15.0,0.5,10.0,2,10,23,random,0.7353846153846154,0.6046511627906976,0.7503684598378777,0.6190476190476191,0.7353846153846154,0.6046511627906976,0.7488532396122668,0.6201550387596899,0.7317706359433033,0.6082251082251082,0.7353846153846154,0.6046511627906976,0.7353846153846154,0.6046511627906976,0.729229636518639,0.5968008825151683,0.7353846153846154,0.6046511627906976,0.7303601428409612,0.5954925024692467
40,entropy,,0.7,10.0,2,10,23,best,0.7569230769230769,0.6511627906976745,0.7666229221347332,0.6702380952380952,0.7569230769230769,0.6511627906976745,0.7653933642910021,0.6717054263565891,0.754093079663458,0.6547619047619048,0.7569230769230769,0.6511627906976745,0.7569230769230769,0.6511627906976745,0.7531843306897381,0.6442360728075014,0.7569230769230769,0.6511627906976745,0.7540255485922394,0.6430816198258059
41,entropy,20.0,0.7,10.0,2,2,23,best,0.7569230769230769,0.6511627906976745,0.7666229221347332,0.6702380952380952,0.7569230769230769,0.6511627906976745,0.7653933642910021,0.6717054263565891,0.754093079663458,0.6547619047619048,0.7569230769230769,0.6511627906976745,0.7569230769230769,0.6511627906976745,0.7531843306897381,0.6442360728075014,0.7569230769230769,0.6511627906976745,0.7540255485922394,0.6430816198258059
42,gini,15.0,0.7,30.0,2,5,23,random,0.7630769230769231,0.6046511627906976,0.7641595964228387,0.6074561403508771,0.7630769230769231,0.6046511627906976,0.7638452719030567,0.6080171358629131,0.7619570984613052,0.606060606060606,0.7630769230769231,0.6046511627906976,0.7630769230769231,0.6046511627906976,0.762176288904728,0.6037940379403794,0.7630769230769231,0.6046511627906976,0.7625815742822158,0.6033654755152202
43,gini,5.0,0.5,30.0,1,2,23,best,0.7661538461538462,0.5813953488372093,0.7694015444015444,0.5855555555555556,0.7661538461538462,0.5813953488372093,0.7687520047520047,0.5861498708010336,0.7644394754794208,0.5833333333333333,0.7661538461538462,0.5813953488372093,0.7661538461538462,0.5813953488372093,0.7645286760219646,0.5793478260869566,0.7661538461538462,0.5813953488372093,0.7650703993992585,0.578665318503539
44,gini,5.0,sqrt,,4,2,23,random,0.7169230769230769,0.627906976744186,0.7276104336590488,0.6502463054187192,0.7169230769230769,0.627906976744186,0.726422949577274,0.6517355939970214,0.7136360191010385,0.6320346320346321,0.7169230769230769,0.627906976744186,0.7169230769230769,0.627906976744186,0.7113899613899614,0.6177777777777778,0.7169230769230769,0.627906976744186,0.7124965844965845,0.6163307493540052
45,gini,5.0,log2,10.0,2,2,23,random,0.7107692307692308,0.627906976744186,0.7149527232945221,0.6400462962962963,0.7107692307692308,0.627906976744186,0.7142921718431603,0.6411498708010336,0.7085007200788297,0.6309523809523809,0.7107692307692308,0.627906976744186,0.7107692307692308,0.627906976744186,0.7077561796892937,0.6228070175438596,0.7107692307692308,0.627906976744186,0.7085779208929128,0.6217870257037944
46,entropy,15.0,log2,,4,10,23,random,0.7292307692307692,0.6976744186046512,0.7291334396597555,0.7017543859649122,0.7292307692307692,0.6976744186046512,0.7291849670797039,0.7025703794369644,0.7286818767528235,0.699134199134199,0.7292307692307692,0.6976744186046512,0.7292307692307692,0.6976744186046512,0.7287968441814596,0.6970189701897019,0.7292307692307692,0.6976744186046512,0.7290972538309816,0.6966912459822273
47,gini,,log2,30.0,4,5,23,random,0.72,0.627906976744186,0.721820809248555,0.6277056277056277,0.72,0.627906976744186,0.7226011560693641,0.627906976744186,0.7210642007124991,0.6277056277056277,0.72,0.627906976744186,0.7200000000000001,0.627906976744186,0.7199045355103277,0.6277056277056277,0.72,0.627906976744186,0.7197613387758195,0.627906976744186
48,entropy,,,30.0,4,2,23,best,0.7630769230769231,0.6744186046511628,0.7629715194667475,0.6898148148148149,0.7630769230769231,0.6744186046511628,0.7632877302972743,0.6912144702842377,0.7631509133631471,0.6774891774891775,0.7630769230769231,0.6744186046511628,0.7630769230769231,0.6744186046511628,0.7629961454318158,0.6699561403508771,0.7630769230769231,0.6744186046511628,0.7631173118994767,0.66906364749082
49,entropy,,sqrt,,4,5,23,random,0.7476923076923077,0.627906976744186,0.7493540051679586,0.6293478260869565,0.7476923076923077,0.627906976744186,0.750141125024846,0.6298281092012133,0.7486924884408398,0.6287878787878788,0.7476923076923077,0.627906976744186,0.7476923076923077,0.627906976744186,0.7476325757575757,0.6277056277056277,0.7476923076923077,0.627906976744186,0.7475250582750582,0.6275042786670694
50,entropy,5.0,,,1,10,23,best,0.7446153846153846,0.6046511627906976,0.755,0.6119909502262444,0.7446153846153846,0.6046511627906976,0.7537538461538461,0.6128064821635273,0.7416053968013341,0.6071428571428572,0.7446153846153846,0.6046511627906976,0.7446153846153846,0.6046511627906976,0.7402778713857945,0.6012002182214948,0.7446153846153846,0.6046511627906976,0.741207338506421,0.6003374820791941
51,gini,5.0,0.5,,4,5,23,best,0.76,0.6046511627906976,0.7599870889344573,0.6119909502262444,0.76,0.6046511627906976,0.7599939242044506,0.6128064821635273,0.7594747214431896,0.6071428571428572,0.76,0.6046511627906976,0.76,0.6046511627906976,0.7596153846153846,0.6012002182214948,0.76,0.6046511627906976,0.7598816568047337,0.6003374820791941
52,entropy,5.0,0.5,,1,5,23,best,0.7476923076923077,0.6046511627906976,0.7604175078736979,0.6119909502262444,0.7476923076923077,0.6046511627906976,0.7590035967424322,0.6128064821635273,0.7444288637914045,0.6071428571428572,0.7476923076923077,0.6046511627906976,0.7476923076923077,0.6046511627906976,0.7427606177606179,0.6012002182214948,0.7476923076923077,0.6046511627906976,0.7437469557469558,0.6003374820791941
53,entropy,,sqrt,30.0,2,10,23,random,0.7476923076923077,0.627906976744186,0.7488520701002526,0.6333333333333333,0.7476923076923077,0.627906976744186,0.7485357712617222,0.6341085271317829,0.7464754036231335,0.6298701298701299,0.7476923076923077,0.627906976744186,0.7476923076923077,0.627906976744186,0.7466344691207788,0.6260869565217391,0.7476923076923077,0.627906976744186,0.7470878285085769,0.6254802831142569
54,entropy,,0.5,,2,2,23,best,0.7661538461538462,0.5581395348837209,0.7663043478260869,0.5603070175438596,0.7661538461538462,0.5581395348837209,0.7667558528428094,0.5607405140758874,0.7664860153111499,0.5595238095238095,0.7661538461538462,0.5581395348837209,0.7661538461538462,0.5581395348837209,0.7661339191031662,0.5571815718157181,0.7661538461538462,0.5581395348837209,0.7661937002552061,0.5567025902817168
55,entropy,15.0,0.7,10.0,2,5,23,best,0.7569230769230769,0.6511627906976745,0.7666229221347332,0.6702380952380952,0.7569230769230769,0.6511627906976745,0.7653933642910021,0.6717054263565891,0.754093079663458,0.6547619047619048,0.7569230769230769,0.6511627906976745,0.7569230769230769,0.6511627906976745,0.7531843306897381,0.6442360728075014,0.7569230769230769,0.6511627906976745,0.7540255485922394,0.6430816198258059
56,gini,20.0,sqrt,10.0,4,2,23,best,0.7415384615384616,0.6511627906976745,0.7487179487179487,0.6702380952380952,0.7415384615384616,0.6511627906976745,0.747723865877712,0.6717054263565891,0.7389524747972409,0.6547619047619048,0.7415384615384616,0.6511627906976745,0.7415384615384616,0.6511627906976745,0.7381445672191529,0.6442360728075014,0.7415384615384616,0.6511627906976745,0.7389701090806063,0.6430816198258059
57,gini,20.0,0.7,10.0,4,5,23,best,0.7538461538461538,0.627906976744186,0.7615384615384615,0.6400462962962963,0.7538461538461538,0.627906976744186,0.7604733727810651,0.6411498708010336,0.7512696126733873,0.6309523809523809,0.7538461538461538,0.627906976744186,0.7538461538461538,0.627906976744186,0.7506138735420503,0.6228070175438596,0.7538461538461538,0.627906976744186,0.7514001038862917,0.6217870257037944
58,gini,15.0,sqrt,10.0,1,2,23,best,0.7415384615384616,0.6511627906976745,0.7487179487179487,0.6702380952380952,0.7415384615384616,0.6511627906976745,0.747723865877712,0.6717054263565891,0.7389524747972409,0.6547619047619048,0.7415384615384616,0.6511627906976745,0.7415384615384616,0.6511627906976745,0.7381445672191529,0.6442360728075014,0.7415384615384616,0.6511627906976745,0.7389701090806063,0.6430816198258059
59,gini,5.0,0.5,,2,2,23,best,0.7630769230769231,0.6511627906976745,0.7694431390977443,0.6702380952380952,0.7630769230769231,0.6511627906976745,0.768472021399653,0.6717054263565891,0.7607632835594633,0.6547619047619048,0.7630769230769231,0.6511627906976745,0.7630769230769231,0.6511627906976745,0.7604552546688492,0.6442360728075014,0.7630769230769231,0.6511627906976745,0.7611492257180452,0.6430816198258059
60,gini,5.0,0.7,,1,5,23,random,0.7415384615384616,0.5581395348837209,0.7487179487179487,0.5603070175438596,0.7415384615384616,0.5581395348837209,0.747723865877712,0.5607405140758874,0.7389524747972409,0.5595238095238095,0.7415384615384616,0.5581395348837209,0.7415384615384616,0.5581395348837209,0.7381445672191529,0.5571815718157181,0.7415384615384616,0.5581395348837209,0.7389701090806063,0.5567025902817168
61,entropy,20.0,log2,10.0,1,5,23,random,0.6861538461538461,0.5813953488372093,0.6984408513446626,0.60752688172043,0.6861538461538461,0.5813953488372093,0.6972517863261964,0.6089022255563891,0.68233153945274,0.5865800865800865,0.6861538461538461,0.5813953488372093,0.6861538461538461,0.5813953488372093,0.6782303152663457,0.5622171945701357,0.6861538461538461,0.5813953488372093,0.6796285854229634,0.5600862885404609
62,gini,20.0,0.5,,1,5,23,best,0.7661538461538462,0.6511627906976745,0.7661137620237826,0.6702380952380952,0.7661538461538462,0.6511627906976745,0.7664745191943556,0.6717054263565891,0.7663154703251724,0.6547619047619048,0.7661538461538462,0.6511627906976745,0.7661538461538462,0.6511627906976745,0.7660984848484849,0.6442360728075014,0.7661538461538462,0.6511627906976745,0.7661981351981352,0.6430816198258059
63,entropy,,0.7,30.0,4,2,23,best,0.7630769230769231,0.6511627906976745,0.7629981024667931,0.6702380952380952,0.7630769230769231,0.6511627906976745,0.7630453948328711,0.6717054263565891,0.762639278405215,0.6547619047619048,0.7630769230769231,0.6511627906976745,0.7630769230769231,0.6511627906976745,0.7627534816696846,0.6442360728075014,0.7630769230769231,0.6511627906976745,0.7629960627251134,0.6430816198258059
64,gini,15.0,,30.0,2,2,23,random,0.7661538461538462,0.5813953488372093,0.7661137620237826,0.5855555555555556,0.7661538461538462,0.5813953488372093,0.7664745191943556,0.5861498708010336,0.7663154703251724,0.5833333333333333,0.7661538461538462,0.5813953488372093,0.7661538461538462,0.5813953488372093,0.7660984848484849,0.5793478260869566,0.7661538461538462,0.5813953488372093,0.7661981351981352,0.578665318503539
65,gini,5.0,log2,10.0,4,5,23,random,0.7107692307692308,0.627906976744186,0.7149527232945221,0.6400462962962963,0.7107692307692308,0.627906976744186,0.7142921718431603,0.6411498708010336,0.7085007200788297,0.6309523809523809,0.7107692307692308,0.627906976744186,0.7107692307692308,0.627906976744186,0.7077561796892937,0.6228070175438596,0.7107692307692308,0.627906976744186,0.7085779208929128,0.6217870257037944
66,entropy,5.0,0.7,,1,5,23,best,0.7446153846153846,0.6744186046511628,0.7524916943521595,0.7032019704433498,0.7446153846153846,0.6744186046511628,0.7514336825964734,0.7051208614961623,0.7419464867732888,0.6785714285714286,0.7446153846153846,0.6744186046511628,0.7446153846153846,0.6744186046511628,0.7410756279935882,0.6655555555555556,0.7446153846153846,0.6744186046511628,0.7419139914040136,0.6642894056847546
67,gini,15.0,log2,30.0,1,2,23,random,0.7446153846153846,0.6976744186046512,0.7444971537001898,0.7092760180995474,0.7446153846153846,0.6976744186046512,0.7445680922493068,0.7105650847100915,0.7441635715909952,0.7002164502164503,0.7446153846153846,0.6976744186046512,0.7446153846153846,0.6976744186046512,0.7442667399816081,0.6950354609929078,0.7446153846153846,0.6976744186046512,0.7445282234569405,0.694375721589972
68,entropy,15.0,0.7,,1,10,23,best,0.7661538461538462,0.627906976744186,0.7659743803532176,0.6400462962962963,0.7661538461538462,0.627906976744186,0.7661538461538462,0.6411498708010336,0.7659743803532176,0.6309523809523809,0.7661538461538462,0.627906976744186,0.7661538461538462,0.627906976744186,0.7659743803532176,0.6228070175438596,0.7661538461538462,0.627906976744186,0.7661538461538462,0.6217870257037944
69,gini,,log2,10.0,4,2,23,best,0.7292307692307692,0.627906976744186,0.7340001562866296,0.6400462962962963,0.7292307692307692,0.627906976744186,0.7332470951725465,0.6411498708010336,0.7269764268930494,0.6309523809523809,0.7292307692307692,0.627906976744186,0.7292307692307692,0.627906976744186,0.7264100405601899,0.6228070175438596,0.7292307692307692,0.627906976744186,0.7271793301976206,0.6217870257037944
70,gini,,0.7,,4,2,23,random,0.7569230769230769,0.6046511627906976,0.7588986918162458,0.604978354978355,0.7569230769230769,0.6046511627906976,0.7597453839133181,0.6053055471660124,0.7580156143409384,0.604978354978355,0.7569230769230769,0.6046511627906976,0.7569230769230769,0.6046511627906976,0.7568402011573175,0.6046511627906976,0.7569230769230769,0.6046511627906976,0.7567158875086784,0.6046511627906976
71,entropy,15.0,sqrt,10.0,4,2,23,best,0.7415384615384616,0.6046511627906976,0.7553861788617886,0.6119909502262444,0.7415384615384616,0.6046511627906976,0.7539199499687304,0.6128064821635273,0.7380997498673539,0.6071428571428572,0.7415384615384616,0.6046511627906976,0.7415384615384616,0.6046511627906976,0.7360176375029008,0.6012002182214948,0.7415384615384616,0.6046511627906976,0.7370748165735402,0.6003374820791941
72,entropy,5.0,0.7,30.0,2,5,23,random,0.7353846153846154,0.627906976744186,0.748780487804878,0.6400462962962963,0.7353846153846154,0.627906976744186,0.7473621013133208,0.6411498708010336,0.7319411809292806,0.6309523809523809,0.7353846153846154,0.627906976744186,0.7353846153846154,0.627906976744186,0.7297323431577318,0.6228070175438596,0.7353846153846154,0.627906976744186,0.7308146931586245,0.6217870257037944
73,gini,,sqrt,30.0,1,10,23,random,0.76,0.6046511627906976,0.7601499772761703,0.6074561403508771,0.76,0.6046511627906976,0.7605999091046811,0.6080171358629131,0.7603274463730767,0.606060606060606,0.76,0.6046511627906976,0.76,0.6046511627906976,0.7599795485532495,0.6037940379403794,0.76,0.6046511627906976,0.760040902893501,0.6033654755152202
74,gini,15.0,log2,,4,10,23,random,0.7292307692307692,0.6976744186046512,0.7291334396597555,0.7017543859649122,0.7292307692307692,0.6976744186046512,0.7291849670797039,0.7025703794369644,0.7286818767528235,0.699134199134199,0.7292307692307692,0.6976744186046512,0.7292307692307692,0.6976744186046512,0.7287968441814596,0.6970189701897019,0.7292307692307692,0.6976744186046512,0.7290972538309816,0.6966912459822273
75,gini,20.0,log2,,2,2,23,best,0.76,0.5813953488372093,0.7599598576081193,0.5855555555555556,0.76,0.5813953488372093,0.7603211391350451,0.5861498708010336,0.7601569013870992,0.5833333333333333,0.76,0.5813953488372093,0.76,0.5813953488372093,0.7599431818181819,0.5793478260869566,0.76,0.5813953488372093,0.7600454545454545,0.578665318503539
76,gini,,,30.0,4,10,23,best,0.76,0.6046511627906976,0.7611954459203036,0.6074561403508771,0.76,0.6046511627906976,0.7619127134724858,0.6080171358629131,0.7608390813310089,0.606060606060606,0.76,0.6046511627906976,0.76,0.6046511627906976,0.7599795485532495,0.6037940379403794,0.76,0.6046511627906976,0.759918194212998,0.6033654755152202
77,gini,20.0,sqrt,30.0,2,10,23,best,0.7661538461538462,0.5813953488372093,0.7661578187893978,0.5855555555555556,0.7661538461538462,0.5813953488372093,0.7661557156293999,0.5861498708010336,0.7656332903812628,0.5833333333333333,0.7661538461538462,0.5813953488372093,0.7661538461538462,0.5813953488372093,0.7657790927021696,0.5793478260869566,0.7661538461538462,0.5813953488372093,0.7660385373994841,0.578665318503539
78,gini,,0.7,,4,10,23,best,0.76,0.6046511627906976,0.7611954459203036,0.6074561403508771,0.76,0.6046511627906976,0.7619127134724858,0.6080171358629131,0.7608390813310089,0.606060606060606,0.76,0.6046511627906976,0.76,0.6046511627906976,0.7599795485532495,0.6037940379403794,0.76,0.6046511627906976,0.759918194212998,0.6033654755152202
79,entropy,15.0,0.5,30.0,1,10,23,random,0.7630769230769231,0.5581395348837209,0.7629715194667475,0.5603070175438596,0.7630769230769231,0.5581395348837209,0.7632877302972743,0.5607405140758874,0.7631509133631471,0.5595238095238095,0.7630769230769231,0.5581395348837209,0.7630769230769231,0.5581395348837209,0.7629961454318158,0.5571815718157181,0.7630769230769231,0.5581395348837209,0.7631173118994767,0.5567025902817168
80,gini,5.0,log2,,1,5,23,best,0.7446153846153846,0.627906976744186,0.7471091581868641,0.6333333333333333,0.7446153846153846,0.627906976744186,0.7465872055788799,0.6341085271317829,0.7429697566891533,0.6298701298701299,0.7446153846153846,0.627906976744186,0.7446153846153846,0.627906976744186,0.7429703951443082,0.6260869565217391,0.7446153846153846,0.627906976744186,0.7435398145766039,0.6254802831142569
81,entropy,5.0,sqrt,,4,2,23,random,0.7230769230769231,0.627906976744186,0.7355691056910569,0.6502463054187192,0.7230769230769231,0.627906976744186,0.7342464040025015,0.6517355939970214,0.7196240430531342,0.6320346320346321,0.7230769230769231,0.627906976744186,0.7230769230769231,0.627906976744186,0.7171617544673938,0.6177777777777778,0.7230769230769231,0.627906976744186,0.718294446328793,0.6163307493540052
82,gini,,sqrt,,2,10,23,random,0.7538461538461538,0.627906976744186,0.7550284629981024,0.6293478260869565,0.7538461538461538,0.627906976744186,0.7557378484892716,0.6298281092012133,0.7546805123929357,0.6287878787878788,0.7538461538461538,0.627906976744186,0.7538461538461538,0.627906976744186,0.7538251780033328,0.6277056277056277,0.7538461538461538,0.627906976744186,0.7537622504748698,0.6275042786670694
83,entropy,5.0,0.5,10.0,4,5,23,best,0.7446153846153846,0.627906976744186,0.7578998541565387,0.6400462962962963,0.7446153846153846,0.627906976744186,0.7564593695074978,0.6411498708010336,0.7412643068293792,0.6309523809523809,0.7446153846153846,0.627906976744186,0.7446153846153846,0.627906976744186,0.7393946420118057,0.6228070175438596,0.7446153846153846,0.627906976744186,0.7404160916516365,0.6217870257037944
84,entropy,20.0,log2,,2,10,23,random,0.7569230769230769,0.6511627906976745,0.7578895463510849,0.6546052631578947,0.7569230769230769,0.6511627906976745,0.7585586405704748,0.6552937576499388,0.7576745243689835,0.6525974025974026,0.7569230769230769,0.6511627906976745,0.7569230769230769,0.6511627906976745,0.7569138712945342,0.6504065040650406,0.7569230769230769,0.6511627906976745,0.756872445966092,0.6500283607487238
85,gini,15.0,0.7,10.0,4,10,23,random,0.7261538461538461,0.6744186046511628,0.7289394291018798,0.6811111111111111,0.7261538461538461,0.6744186046511628,0.7284060196011926,0.6820671834625324,0.7243235048889562,0.6764069264069263,0.7261538461538461,0.6744186046511628,0.7261538461538461,0.6744186046511628,0.7241060272221745,0.6728260869565217,0.7261538461538461,0.6744186046511628,0.7247642547359262,0.6722952477249747
86,gini,,log2,30.0,2,2,23,random,0.7292307692307692,0.5581395348837209,0.7290719696969696,0.5603070175438596,0.7292307692307692,0.5581395348837209,0.7293578088578089,0.5607405140758874,0.7291935117107557,0.5595238095238095,0.7292307692307692,0.5581395348837209,0.7292307692307692,0.5581395348837209,0.7291050996438584,0.5571815718157181,0.7292307692307692,0.5581395348837209,0.7292666748270294,0.5567025902817168
87,gini,5.0,,30.0,1,10,23,best,0.7569230769230769,0.5813953488372093,0.7620857699805068,0.5855555555555556,0.7569230769230769,0.5813953488372093,0.7612409656620184,0.5861498708010336,0.7547752596073676,0.5833333333333333,0.7569230769230769,0.5813953488372093,0.7569230769230769,0.5813953488372093,0.754543455607499,0.5793478260869566,0.7569230769230769,0.5813953488372093,0.7552127241025052,0.578665318503539
88,entropy,,,,1,5,23,best,0.7661538461538462,0.6046511627906976,0.7665757369099038,0.6119909502262444,0.7661538461538462,0.6046511627906976,0.7671181678819778,0.6128064821635273,0.7666565602971273,0.6071428571428572,0.7661538461538462,0.6046511627906976,0.7661538461538462,0.6046511627906976,0.7661516322048019,0.6012002182214948,0.7661538461538462,0.6046511627906976,0.7661715577461999,0.6003374820791941
89,entropy,20.0,,10.0,1,2,23,best,0.7569230769230769,0.6511627906976745,0.7666229221347332,0.6702380952380952,0.7569230769230769,0.6511627906976745,0.7653933642910021,0.6717054263565891,0.754093079663458,0.6547619047619048,0.7569230769230769,0.6511627906976745,0.7569230769230769,0.6511627906976745,0.7531843306897381,0.6442360728075014,0.7569230769230769,0.6511627906976745,0.7540255485922394,0.6430816198258059
90,gini,15.0,0.7,30.0,4,2,23,random,0.76,0.6744186046511628,0.7598484848484848,0.6898148148148149,0.76,0.6744186046511628,0.7601212121212121,0.6912144702842377,0.7599863564011218,0.6774891774891775,0.76,0.6744186046511628,0.76,0.6744186046511628,0.7598886110479655,0.6699561403508771,0.76,0.6744186046511628,0.760031825414867,0.66906364749082
91,entropy,15.0,0.7,30.0,2,5,23,best,0.7661538461538462,0.6046511627906976,0.7663043478260869,0.6119909502262444,0.7661538461538462,0.6046511627906976,0.7667558528428094,0.6128064821635273,0.7664860153111499,0.6071428571428572,0.7661538461538462,0.6046511627906976,0.7661538461538462,0.6046511627906976,0.7661339191031662,0.6012002182214948,0.7661538461538462,0.6046511627906976,0.7661937002552061,0.6003374820791941
92,entropy,,log2,10.0,1,10,23,best,0.7261538461538461,0.627906976744186,0.7304093567251462,0.6400462962962963,0.7261538461538461,0.627906976744186,0.7297130004498426,0.6411498708010336,0.7239824149170014,0.6309523809523809,0.7261538461538461,0.627906976744186,0.7261538461538461,0.627906976744186,0.7234730069502204,0.6228070175438596,0.7261538461538461,0.627906976744186,0.72422699297624,0.6217870257037944
93,gini,5.0,sqrt,30.0,4,5,23,random,0.7230769230769231,0.7674418604651163,0.7229166666666667,0.7695652173913043,0.7230769230769231,0.7674418604651163,0.7232051282051282,0.770273003033367,0.7230349427726825,0.7683982683982684,0.7230769230769231,0.7674418604651163,0.7230769230769231,0.7674418604651163,0.7229483973630371,0.7673160173160173,0.7230769230769231,0.7674418604651163,0.7231136447094618,0.7671901741669183
94,gini,5.0,log2,30.0,2,5,23,random,0.7323076923076923,0.627906976744186,0.74077388053766,0.6502463054187192,0.7323076923076923,0.627906976744186,0.7397007017479458,0.6517355939970214,0.729458803911165,0.6320346320346321,0.7323076923076923,0.627906976744186,0.7323076923076923,0.627906976744186,0.7281903388608508,0.6177777777777778,0.7323076923076923,0.627906976744186,0.7291167433863901,0.6163307493540052
95,gini,15.0,log2,30.0,2,10,23,random,0.72,0.5813953488372093,0.7202651515151515,0.5826086956521739,0.72,0.5813953488372093,0.7207424242424243,0.5830131445904954,0.7203820207685894,0.5822510822510822,0.72,0.5813953488372093,0.72,0.5813953488372093,0.7199893960481343,0.5811688311688312,0.72,0.5813953488372093,0.7200371138315297,0.5809423135004531
96,gini,20.0,0.5,,1,10,23,random,0.7661538461538462,0.5813953488372093,0.7663043478260869,0.5855555555555556,0.7661538461538462,0.5813953488372093,0.7667558528428094,0.5861498708010336,0.7664860153111499,0.5833333333333333,0.7661538461538462,0.5813953488372093,0.7661538461538462,0.5813953488372093,0.7661339191031662,0.5793478260869566,0.7661538461538462,0.5813953488372093,0.7661937002552061,0.578665318503539
97,gini,20.0,0.7,,2,10,23,best,0.76,0.6046511627906976,0.7611954459203036,0.6074561403508771,0.76,0.6046511627906976,0.7619127134724858,0.6080171358629131,0.7608390813310089,0.606060606060606,0.76,0.6046511627906976,0.76,0.6046511627906976,0.7599795485532495,0.6037940379403794,0.76,0.6046511627906976,0.759918194212998,0.6033654755152202
98,gini,5.0,log2,10.0,4,2,23,random,0.7107692307692308,0.627906976744186,0.7149527232945221,0.6400462962962963,0.7107692307692308,0.627906976744186,0.7142921718431603,0.6411498708010336,0.7085007200788297,0.6309523809523809,0.7107692307692308,0.627906976744186,0.7107692307692308,0.627906976744186,0.7077561796892937,0.6228070175438596,0.7107692307692308,0.627906976744186,0.7085779208929128,0.6217870257037944
99,entropy,15.0,sqrt,30.0,4,10,23,random,0.7446153846153846,0.7209302325581395,0.7455621301775148,0.7288888888888889,0.7446153846153846,0.7209302325581395,0.7462175694128358,0.7300258397932816,0.7453573864928371,0.722943722943723,0.7446153846153846,0.7209302325581395,0.7446153846153846,0.7209302325581395,0.7446057128790676,0.7195652173913043,0.7446153846153846,0.7209302325581395,0.7445621900656411,0.7191102123356926
