,criterion,learning_rate,loss,max_depth,max_features,max_leaf_nodes,min_samples_leaf,min_samples_split,n_estimators,warm_start,acc_train,acc_val,precision_macro_train,precision_macro_val,precision_micro_train,precision_micro_val,precision_weighted_train,precision_weighted_val,recall_macro_train,recall_macro_val,recall_micro_train,recall_micro_val,recall_weighted_train,recall_weighted_val,f1_macro_train,f1_macro_val,f1_micro_train,f1_micro_val,f1_weighted_train,f1_weighted_val
0,friedman_mse,2.0,exponential,20.0,log2,,4,5,100,False,0.7661538461538462,0.6046511627906976,0.7785066602471513,0.6190476190476191,0.7661538461538462,0.6046511627906976,0.7770628248336482,0.6201550387596899,0.7630751155916016,0.6082251082251082,0.7661538461538462,0.6046511627906976,0.7661538461538462,0.6046511627906976,0.7619873573851372,0.5968008825151683,0.7661538461538462,0.6046511627906976,0.7628594131739368,0.5954925024692467
1,friedman_mse,0.5,exponential,15.0,0.5,30.0,2,2,100,False,0.7692307692307693,0.6511627906976745,0.772936489518063,0.6702380952380952,0.7692307692307693,0.6511627906976745,0.7722268835056024,0.6717054263565891,0.7674334874554688,0.6547619047619048,0.7692307692307693,0.6511627906976745,0.7692307692307693,0.6511627906976745,0.76750507911981,0.6442360728075014,0.7692307692307693,0.6511627906976745,0.768059765226904,0.6430816198258059
2,friedman_mse,0.5,log_loss,5.0,sqrt,30.0,4,2,100,False,0.7692307692307693,0.627906976744186,0.772936489518063,0.6400462962962963,0.7692307692307693,0.627906976744186,0.7722268835056024,0.6411498708010336,0.7674334874554688,0.6309523809523809,0.7692307692307693,0.627906976744186,0.7692307692307693,0.627906976744186,0.76750507911981,0.6228070175438596,0.7692307692307693,0.627906976744186,0.768059765226904,0.6217870257037944
3,squared_error,2.0,exponential,20.0,0.7,10.0,2,5,100,False,0.7661538461538462,0.6511627906976745,0.7770200207386138,0.6846153846153846,0.7661538461538462,0.6511627906976745,0.7756803553788478,0.6865831842576028,0.763245660577579,0.6558441558441558,0.7661538461538462,0.6511627906976745,0.7661538461538462,0.6511627906976745,0.7623720464865698,0.6386554621848739,0.7661538461538462,0.6511627906976745,0.7632021976330451,0.637092046120774
4,squared_error,0.5,log_loss,,0.7,,1,10,100,True,0.7692307692307693,0.627906976744186,0.7693418452652379,0.6400462962962963,0.7692307692307693,0.627906976744186,0.7692892303015422,0.6411498708010336,0.7686273023573107,0.6309523809523809,0.7692307692307693,0.627906976744186,0.7692307692307693,0.627906976744186,0.768801752838403,0.6228070175438596,0.7692307692307693,0.627906976744186,0.7690775490906384,0.6217870257037944
5,squared_error,1.0,log_loss,15.0,sqrt,10.0,1,10,100,True,0.7692307692307693,0.5813953488372093,0.7690703670003034,0.5855555555555556,0.7692307692307693,0.5813953488372093,0.7692016051888664,0.5861498708010336,0.7689683923292656,0.5833333333333333,0.7692307692307693,0.5813953488372093,0.7692307692307693,0.5813953488372093,0.7690120824449183,0.5793478260869566,0.7692307692307693,0.5813953488372093,0.7692089005521842,0.578665318503539
6,squared_error,0.5,exponential,15.0,0.5,10.0,1,5,200,True,0.7692307692307693,0.627906976744186,0.7696011265890234,0.6400462962962963,0.7692307692307693,0.627906976744186,0.7694562041444891,0.6411498708010336,0.7684567573713332,0.6309523809523809,0.7692307692307693,0.627906976744186,0.7692307692307693,0.627906976744186,0.7686701022122255,0.6228070175438596,0.7692307692307693,0.627906976744186,0.7689854774101563,0.6217870257037944
7,squared_error,2.0,log_loss,15.0,0.7,10.0,1,10,200,False,0.5015384615384615,0.46511627906976744,0.5003053901358987,0.46600877192982454,0.5015384615384615,0.46511627906976744,0.5006880674677285,0.46618727050183595,0.500303191086182,0.46645021645021645,0.5015384615384615,0.46511627906976744,0.5015384615384615,0.46511627906976744,0.4998290013679891,0.46395663956639566,0.5015384615384615,0.46511627906976744,0.5006387456592655,0.4633768198147097
8,squared_error,0.5,exponential,,0.7,30.0,2,10,50,False,0.7692307692307693,0.627906976744186,0.7769536475958134,0.6400462962962963,0.7692307692307693,0.627906976744186,0.77585037925795,0.6411498708010336,0.7667513075115591,0.6309523809523809,0.7692307692307693,0.627906976744186,0.7692307692307693,0.627906976744186,0.7663640981893817,0.6228070175438596,0.7692307692307693,0.627906976744186,0.7670807659497285,0.6217870257037944
9,friedman_mse,1.0,log_loss,15.0,log2,30.0,1,5,50,False,0.7692307692307693,0.6511627906976745,0.7747563352826511,0.6702380952380952,0.7692307692307693,0.6511627906976745,0.7738521517468887,0.6717054263565891,0.767092397483514,0.6547619047619048,0.7692307692307693,0.6511627906976745,0.7692307692307693,0.6511627906976745,0.7669716350704103,0.6442360728075014,0.7692307692307693,0.6511627906976745,0.7676070165530113,0.6430816198258059
10,friedman_mse,1.0,exponential,20.0,log2,30.0,1,2,50,True,0.7692307692307693,0.6511627906976745,0.7769536475958134,0.6702380952380952,0.7692307692307693,0.6511627906976745,0.77585037925795,0.6717054263565891,0.7667513075115591,0.6547619047619048,0.7692307692307693,0.6511627906976745,0.7692307692307693,0.6511627906976745,0.7663640981893817,0.6442360728075014,0.7692307692307693,0.6511627906976745,0.7670807659497285,0.6430816198258059
11,friedman_mse,2.0,exponential,5.0,0.5,,2,5,100,False,0.7661538461538462,0.627906976744186,0.7702084786483763,0.6502463054187192,0.7661538461538462,0.627906976744186,0.7694637502310137,0.6517355939970214,0.7642689304934436,0.6320346320346321,0.7661538461538462,0.627906976744186,0.7661538461538462,0.627906976744186,0.76427698885326,0.6177777777777778,0.7661538461538462,0.627906976744186,0.7648594618086143,0.6163307493540052
12,squared_error,1.0,log_loss,20.0,0.7,30.0,2,5,200,False,0.7261538461538461,0.5813953488372093,0.7367785559043709,0.5902777777777778,0.7261538461538461,0.5813953488372093,0.7355681459327922,0.5910852713178295,0.722959145001137,0.5844155844155844,0.7261538461538461,0.5813953488372093,0.7261538461538461,0.5813953488372093,0.721040804714097,0.575657894736842,0.7261538461538461,0.5813953488372093,0.7220866540995002,0.5745104039167687
13,friedman_mse,0.5,log_loss,5.0,,30.0,1,2,200,True,0.7692307692307693,0.5813953488372093,0.7691650853889943,0.5855555555555556,0.7692307692307693,0.5813953488372093,0.7692044956940592,0.5861498708010336,0.7687978473432882,0.5833333333333333,0.7692307692307693,0.5813953488372093,0.7692307692307693,0.5813953488372093,0.7689157288990434,0.5793478260869566,0.7692307692307693,0.5813953488372093,0.7691520091478378,0.578665318503539
14,friedman_mse,2.0,log_loss,5.0,0.7,10.0,1,10,100,True,0.4584615384615385,0.37209302325581395,0.4492580482897384,0.35384615384615387,0.4584615384615385,0.37209302325581395,0.45007816127534434,0.3527728085867621,0.4541233987720761,0.37662337662337664,0.4584615384615385,0.37209302325581395,0.4584615384615385,0.37209302325581395,0.44249512670565305,0.3495798319327731,0.4584615384615385,0.37209302325581395,0.445107812265707,0.346765683017393
15,squared_error,1.0,exponential,,0.7,,1,10,50,False,0.7692307692307693,0.5813953488372093,0.7690573615215579,0.5855555555555556,0.7692307692307693,0.5813953488372093,0.769280314290544,0.5861498708010336,0.7691389373152429,0.5833333333333333,0.7692307692307693,0.5813953488372093,0.7692307692307693,0.5813953488372093,0.7690908574189331,0.5793478260869566,0.7692307692307693,0.5813953488372093,0.7692482582072487,0.578665318503539
16,friedman_mse,0.5,log_loss,15.0,,,1,2,100,False,0.7569230769230769,0.627906976744186,0.7666229221347332,0.6400462962962963,0.7569230769230769,0.627906976744186,0.7653933642910021,0.6411498708010336,0.754093079663458,0.6309523809523809,0.7569230769230769,0.627906976744186,0.7569230769230769,0.627906976744186,0.7531843306897381,0.6228070175438596,0.7569230769230769,0.627906976744186,0.7540255485922394,0.6217870257037944
17,friedman_mse,1.0,log_loss,,log2,30.0,2,5,200,True,0.7230769230769231,0.5348837209302325,0.7239802556057244,0.5443349753694582,0.7230769230769231,0.5348837209302325,0.7237338921887786,0.5449650589987399,0.7218411278708405,0.538961038961039,0.7230769230769231,0.5348837209302325,0.7230769230769231,0.5348837209302325,0.7219158807423183,0.5222222222222221,0.7230769230769231,0.5348837209302325,0.7224134703142917,0.5204134366925064
18,friedman_mse,0.5,exponential,15.0,0.7,30.0,1,2,200,False,0.7692307692307693,0.627906976744186,0.7691650853889943,0.6400462962962963,0.7692307692307693,0.627906976744186,0.7692044956940592,0.6411498708010336,0.7687978473432882,0.6309523809523809,0.7692307692307693,0.627906976744186,0.7692307692307693,0.627906976744186,0.7689157288990434,0.6228070175438596,0.7692307692307693,0.627906976744186,0.7691520091478378,0.6217870257037944
19,squared_error,2.0,log_loss,,sqrt,10.0,4,2,50,True,0.5015384615384615,0.4883720930232558,0.4926020408163265,0.4913793103448276,0.5015384615384615,0.4883720930232558,0.4930894819466248,0.49157979149959913,0.49450466156295003,0.49242424242424243,0.5015384615384615,0.4883720930232558,0.5015384615384615,0.4883720930232558,0.46306192379864564,0.47444444444444445,0.5015384615384615,0.4883720930232558,0.4670422552889715,0.4724547803617571
20,squared_error,1.0,log_loss,15.0,,10.0,1,10,50,True,0.7692307692307693,0.5813953488372093,0.7690703670003034,0.5855555555555556,0.7692307692307693,0.5813953488372093,0.7692016051888664,0.5861498708010336,0.7689683923292656,0.5833333333333333,0.7692307692307693,0.5813953488372093,0.7692307692307693,0.5813953488372093,0.7690120824449183,0.5793478260869566,0.7692307692307693,0.5813953488372093,0.7692089005521842,0.578665318503539
21,friedman_mse,0.5,log_loss,5.0,log2,30.0,4,2,200,False,0.7692307692307693,0.6511627906976745,0.7690703670003034,0.6702380952380952,0.7692307692307693,0.6511627906976745,0.7692016051888664,0.6717054263565891,0.7689683923292656,0.6547619047619048,0.7692307692307693,0.6511627906976745,0.7692307692307693,0.6511627906976745,0.7690120824449183,0.6442360728075014,0.7692307692307693,0.6511627906976745,0.7692089005521842,0.6430816198258059
22,squared_error,2.0,log_loss,5.0,log2,10.0,1,5,50,False,0.5815384615384616,0.5348837209302325,0.6646929824561403,0.5900900900900901,0.5815384615384616,0.5348837209302325,0.661638326585695,0.5918709407081499,0.5711551580383537,0.5432900432900433,0.5815384615384616,0.5348837209302325,0.5815384615384616,0.5348837209302325,0.5061231786895504,0.47044334975369456,0.5815384615384616,0.5348837209302325,0.5114675688127015,0.4661473250085921
23,squared_error,1.0,log_loss,15.0,0.7,10.0,2,2,200,False,0.7692307692307693,0.6511627906976745,0.7747563352826511,0.6702380952380952,0.7692307692307693,0.6511627906976745,0.7738521517468887,0.6717054263565891,0.767092397483514,0.6547619047619048,0.7692307692307693,0.6511627906976745,0.7692307692307693,0.6511627906976745,0.7669716350704103,0.6442360728075014,0.7692307692307693,0.6511627906976745,0.7676070165530113,0.6430816198258059
24,squared_error,0.5,exponential,5.0,,,4,2,50,False,0.7692307692307693,0.6046511627906976,0.7690573615215579,0.6119909502262444,0.7692307692307693,0.6046511627906976,0.769280314290544,0.6128064821635273,0.7691389373152429,0.6071428571428572,0.7692307692307693,0.6046511627906976,0.7692307692307693,0.6046511627906976,0.7690908574189331,0.6012002182214948,0.7692307692307693,0.6046511627906976,0.7692482582072487,0.6003374820791941
25,friedman_mse,0.5,exponential,,0.5,,4,5,100,False,0.7692307692307693,0.5813953488372093,0.7691650853889943,0.5855555555555556,0.7692307692307693,0.5813953488372093,0.7692044956940592,0.5861498708010336,0.7687978473432882,0.5833333333333333,0.7692307692307693,0.5813953488372093,0.7692307692307693,0.5813953488372093,0.7689157288990434,0.5793478260869566,0.7692307692307693,0.5813953488372093,0.7691520091478378,0.578665318503539
26,friedman_mse,2.0,log_loss,,0.5,,2,5,200,False,0.6307692307692307,0.627906976744186,0.6618504248172298,0.7837837837837838,0.6307692307692307,0.627906976744186,0.660068700317663,0.7888120678818353,0.6241756992344425,0.6363636363636364,0.6307692307692307,0.627906976744186,0.6307692307692307,0.627906976744186,0.6050072921730676,0.5763546798029556,0.6307692307692307,0.627906976744186,0.6078007553943383,0.5729178600068736
27,friedman_mse,0.5,log_loss,15.0,0.7,,4,5,200,True,0.7630769230769231,0.6046511627906976,0.7631668946648427,0.6119909502262444,0.7630769230769231,0.6046511627906976,0.7631242765442492,0.6128064821635273,0.7624687334192375,0.6071428571428572,0.7630769230769231,0.6046511627906976,0.7630769230769231,0.6046511627906976,0.7626364662474272,0.6012002182214948,0.7630769230769231,0.6046511627906976,0.7629196170663889,0.6003374820791941
28,squared_error,2.0,exponential,20.0,0.5,,4,10,200,True,0.7692307692307693,0.6046511627906976,0.7714785214785215,0.6119909502262444,0.7692307692307693,0.6046511627906976,0.7709598094213479,0.6128064821635273,0.7677745774274236,0.6071428571428572,0.7692307692307693,0.6046511627906976,0.7692307692307693,0.6046511627906976,0.7679654256585022,0.6012002182214948,0.7692307692307693,0.6046511627906976,0.7684399294981024,0.6003374820791941
29,squared_error,0.5,exponential,5.0,0.7,,4,10,100,False,0.7692307692307693,0.5813953488372093,0.7747563352826511,0.5855555555555556,0.7692307692307693,0.5813953488372093,0.7738521517468887,0.5861498708010336,0.767092397483514,0.5833333333333333,0.7692307692307693,0.5813953488372093,0.7692307692307693,0.5813953488372093,0.7669716350704103,0.5793478260869566,0.7692307692307693,0.5813953488372093,0.7676070165530113,0.578665318503539
30,friedman_mse,1.0,exponential,5.0,0.7,10.0,2,10,200,False,0.7692307692307693,0.5813953488372093,0.7690573615215579,0.5855555555555556,0.7692307692307693,0.5813953488372093,0.769280314290544,0.5861498708010336,0.7691389373152429,0.5833333333333333,0.7692307692307693,0.5813953488372093,0.7692307692307693,0.5813953488372093,0.7690908574189331,0.5793478260869566,0.7692307692307693,0.5813953488372093,0.7692482582072487,0.578665318503539
31,friedman_mse,2.0,log_loss,5.0,log2,10.0,1,5,200,True,0.4646153846153846,0.5116279069767442,0.41666666666666663,0.5357142857142857,0.4646153846153846,0.5116279069767442,0.4186193293885601,0.5365448504983388,0.4551656181308269,0.5194805194805194,0.4646153846153846,0.5116279069767442,0.4646153846153846,0.5116279069767442,0.387987012987013,0.4537205081669691,0.4646153846153846,0.5116279069767442,0.39398401598401595,0.4495842653948423
32,squared_error,0.5,exponential,5.0,sqrt,30.0,1,10,100,False,0.7692307692307693,0.5813953488372093,0.7758067042606516,0.5855555555555556,0.7692307692307693,0.5813953488372093,0.7748035955272798,0.5861498708010336,0.7669218524975365,0.5833333333333333,0.7692307692307693,0.5813953488372093,0.7692307692307693,0.5813953488372093,0.7666771961060219,0.5793478260869566,0.7692307692307693,0.5813953488372093,0.767353141933161,0.578665318503539
33,squared_error,2.0,exponential,5.0,0.5,30.0,2,2,50,True,0.7661538461538462,0.5581395348837209,0.7680517188459177,0.5633484162895928,0.7661538461538462,0.5581395348837209,0.7675900741370354,0.5639271808902452,0.7647805654513757,0.5606060606060606,0.7661538461538462,0.5581395348837209,0.7661538461538462,0.5581395348837209,0.764976783131613,0.5542825968357883,0.7661538461538462,0.5581395348837209,0.7654373730098782,0.5533183623238052
34,squared_error,0.5,exponential,5.0,0.7,,2,5,50,True,0.7692307692307693,0.627906976744186,0.7696011265890234,0.6400462962962963,0.7692307692307693,0.627906976744186,0.7694562041444891,0.6411498708010336,0.7684567573713332,0.6309523809523809,0.7692307692307693,0.627906976744186,0.7692307692307693,0.627906976744186,0.7686701022122255,0.6228070175438596,0.7692307692307693,0.627906976744186,0.7689854774101563,0.6217870257037944
35,squared_error,2.0,exponential,15.0,sqrt,10.0,1,10,50,False,0.76,0.627906976744186,0.7598158114151444,0.6400462962962963,0.76,0.627906976744186,0.76,0.6411498708010336,0.7598158114151444,0.6309523809523809,0.76,0.627906976744186,0.76,0.627906976744186,0.7598158114151444,0.6228070175438596,0.76,0.627906976744186,0.76,0.6217870257037944
36,friedman_mse,2.0,exponential,15.0,0.5,30.0,2,2,50,False,0.7661538461538462,0.6046511627906976,0.7770200207386138,0.6190476190476191,0.7661538461538462,0.6046511627906976,0.7756803553788478,0.6201550387596899,0.763245660577579,0.6082251082251082,0.7661538461538462,0.6046511627906976,0.7661538461538462,0.6046511627906976,0.7623720464865698,0.5968008825151683,0.7661538461538462,0.6046511627906976,0.7632021976330451,0.5954925024692467
37,squared_error,0.5,log_loss,5.0,log2,,2,5,200,False,0.7692307692307693,0.6511627906976745,0.772936489518063,0.6702380952380952,0.7692307692307693,0.6511627906976745,0.7722268835056024,0.6717054263565891,0.7674334874554688,0.6547619047619048,0.7692307692307693,0.6511627906976745,0.7692307692307693,0.6511627906976745,0.76750507911981,0.6442360728075014,0.7692307692307693,0.6511627906976745,0.768059765226904,0.6430816198258059
38,squared_error,2.0,exponential,15.0,sqrt,30.0,2,2,100,False,0.7661538461538462,0.627906976744186,0.7836321952018341,0.6502463054187192,0.7661538461538462,0.627906976744186,0.7818647217025994,0.6517355939970214,0.7625634806336694,0.6320346320346321,0.7661538461538462,0.627906976744186,0.7661538461538462,0.627906976744186,0.7607145625048438,0.6177777777777778,0.7661538461538462,0.627906976744186,0.7617136146036402,0.6163307493540052
39,friedman_mse,0.5,exponential,15.0,0.7,30.0,1,2,100,True,0.7692307692307693,0.6511627906976745,0.7758067042606516,0.6702380952380952,0.7692307692307693,0.6511627906976745,0.7748035955272798,0.6717054263565891,0.7669218524975365,0.6547619047619048,0.7692307692307693,0.6511627906976745,0.7692307692307693,0.6511627906976745,0.7666771961060219,0.6442360728075014,0.7692307692307693,0.6511627906976745,0.767353141933161,0.6430816198258059
40,squared_error,1.0,exponential,15.0,sqrt,30.0,2,2,50,True,0.7692307692307693,0.6511627906976745,0.7738002795465134,0.6702380952380952,0.7692307692307693,0.6511627906976745,0.7729938953731468,0.6717054263565891,0.7672629424694914,0.6547619047619048,0.7692307692307693,0.6511627906976745,0.7692307692307693,0.6511627906976745,0.767247553115302,0.6442360728075014,0.7692307692307693,0.6511627906976745,0.7678425179499421,0.6430816198258059
41,friedman_mse,1.0,exponential,15.0,sqrt,30.0,2,10,50,False,0.7692307692307693,0.627906976744186,0.7690703670003034,0.6400462962962963,0.7692307692307693,0.627906976744186,0.7692016051888664,0.6411498708010336,0.7689683923292656,0.6309523809523809,0.7692307692307693,0.627906976744186,0.7692307692307693,0.627906976744186,0.7690120824449183,0.6228070175438596,0.7692307692307693,0.627906976744186,0.7692089005521842,0.6217870257037944
42,squared_error,1.0,exponential,20.0,,10.0,1,10,100,False,0.7692307692307693,0.627906976744186,0.7758067042606516,0.6400462962962963,0.7692307692307693,0.627906976744186,0.7748035955272798,0.6411498708010336,0.7669218524975365,0.6309523809523809,0.7692307692307693,0.627906976744186,0.7692307692307693,0.627906976744186,0.7666771961060219,0.6228070175438596,0.7692307692307693,0.627906976744186,0.767353141933161,0.6217870257037944
43,squared_error,2.0,exponential,20.0,0.5,30.0,4,5,50,True,0.7661538461538462,0.6046511627906976,0.7720950222708447,0.6190476190476191,0.7661538461538462,0.6046511627906976,0.7711569418313187,0.6201550387596899,0.7639278405214887,0.6082251082251082,0.7661538461538462,0.6046511627906976,0.7661538461538462,0.6046511627906976,0.7637177623019821,0.5968008825151683,0.7661538461538462,0.6046511627906976,0.7643821488070359,0.5954925024692467
44,squared_error,1.0,exponential,,sqrt,,1,2,100,True,0.7692307692307693,0.627906976744186,0.7758067042606516,0.6400462962962963,0.7692307692307693,0.627906976744186,0.7748035955272798,0.6411498708010336,0.7669218524975365,0.6309523809523809,0.7692307692307693,0.627906976744186,0.7692307692307693,0.627906976744186,0.7666771961060219,0.6228070175438596,0.7692307692307693,0.627906976744186,0.767353141933161,0.6217870257037944
45,friedman_mse,1.0,exponential,5.0,sqrt,,2,5,200,True,0.7692307692307693,0.6046511627906976,0.7691650853889943,0.6119909502262444,0.7692307692307693,0.6046511627906976,0.7692044956940592,0.6128064821635273,0.7687978473432882,0.6071428571428572,0.7692307692307693,0.6046511627906976,0.7692307692307693,0.6046511627906976,0.7689157288990434,0.6012002182214948,0.7692307692307693,0.6046511627906976,0.7691520091478378,0.6003374820791941
46,friedman_mse,1.0,exponential,15.0,0.5,10.0,4,10,50,False,0.7692307692307693,0.5813953488372093,0.7721631205673759,0.5855555555555556,0.7692307692307693,0.5813953488372093,0.7715493726132024,0.5861498708010336,0.7676040324414461,0.5833333333333333,0.7692307692307693,0.5813953488372093,0.7692307692307693,0.5813953488372093,0.7677443329617242,0.5793478260869566,0.7692307692307693,0.5813953488372093,0.7682588685933167,0.578665318503539
47,friedman_mse,1.0,exponential,15.0,log2,,4,2,50,True,0.7692307692307693,0.627906976744186,0.7758067042606516,0.6400462962962963,0.7692307692307693,0.627906976744186,0.7748035955272798,0.6411498708010336,0.7669218524975365,0.6309523809523809,0.7692307692307693,0.627906976744186,0.7692307692307693,0.627906976744186,0.7666771961060219,0.6228070175438596,0.7692307692307693,0.627906976744186,0.767353141933161,0.6217870257037944
48,squared_error,2.0,log_loss,20.0,,30.0,2,10,50,False,0.6523076923076923,0.6744186046511628,0.6543859649122807,0.6898148148148149,0.6523076923076923,0.6744186046511628,0.6540458839406208,0.6912144702842377,0.6500795876601229,0.6774891774891775,0.6523076923076923,0.6744186046511628,0.6523076923076923,0.6744186046511628,0.6489039301727517,0.6699561403508771,0.6523076923076923,0.6744186046511628,0.6498612382732039,0.66906364749082
49,squared_error,0.5,log_loss,15.0,,30.0,2,5,100,False,0.7692307692307693,0.5813953488372093,0.7690573615215579,0.5855555555555556,0.7692307692307693,0.5813953488372093,0.769280314290544,0.5861498708010336,0.7691389373152429,0.5833333333333333,0.7692307692307693,0.5813953488372093,0.7692307692307693,0.5813953488372093,0.7690908574189331,0.5793478260869566,0.7692307692307693,0.5813953488372093,0.7692482582072487,0.578665318503539
50,squared_error,2.0,log_loss,15.0,,10.0,1,5,100,False,0.5692307692307692,0.5348837209302325,0.5763509825327511,0.549731182795699,0.5692307692307692,0.5348837209302325,0.5758691635875042,0.5505126281570393,0.5636132797695748,0.54004329004329,0.5692307692307692,0.5348837209302325,0.5692307692307692,0.5348837209302325,0.5476417720512209,0.5135746606334841,0.5692307692307692,0.5348837209302325,0.5503784054965158,0.5112069872671788
51,friedman_mse,1.0,exponential,20.0,0.7,,2,2,100,False,0.7692307692307693,0.627906976744186,0.7758067042606516,0.6400462962962963,0.7692307692307693,0.627906976744186,0.7748035955272798,0.6411498708010336,0.7669218524975365,0.6309523809523809,0.7692307692307693,0.627906976744186,0.7692307692307693,0.627906976744186,0.7666771961060219,0.6228070175438596,0.7692307692307693,0.627906976744186,0.767353141933161,0.6217870257037944
52,squared_error,2.0,exponential,20.0,,10.0,4,2,50,False,0.7569230769230769,0.5581395348837209,0.7579492471145761,0.5584415584415584,0.7569230769230769,0.5581395348837209,0.7576513267363989,0.5587435819993959,0.755798529523232,0.5584415584415584,0.7569230769230769,0.5581395348837209,0.7569230769230769,0.5581395348837209,0.7559990496555001,0.5581395348837209,0.7569230769230769,0.5581395348837209,0.7564148619259097,0.5581395348837209
53,friedman_mse,1.0,log_loss,5.0,sqrt,,4,2,100,True,0.7692307692307693,0.6511627906976745,0.7696011265890234,0.6702380952380952,0.7692307692307693,0.6511627906976745,0.7694562041444891,0.6717054263565891,0.7684567573713332,0.6547619047619048,0.7692307692307693,0.6511627906976745,0.7692307692307693,0.6511627906976745,0.7686701022122255,0.6442360728075014,0.7692307692307693,0.6511627906976745,0.7689854774101563,0.6430816198258059
54,friedman_mse,0.5,exponential,15.0,0.5,,4,10,50,False,0.7692307692307693,0.6046511627906976,0.7747563352826511,0.6119909502262444,0.7692307692307693,0.6046511627906976,0.7738521517468887,0.6128064821635273,0.767092397483514,0.6071428571428572,0.7692307692307693,0.6046511627906976,0.7692307692307693,0.6046511627906976,0.7669716350704103,0.6012002182214948,0.7692307692307693,0.6046511627906976,0.7676070165530113,0.6003374820791941
55,friedman_mse,0.5,exponential,20.0,0.7,30.0,4,2,50,True,0.7692307692307693,0.627906976744186,0.7758067042606516,0.6400462962962963,0.7692307692307693,0.627906976744186,0.7748035955272798,0.6411498708010336,0.7669218524975365,0.6309523809523809,0.7692307692307693,0.627906976744186,0.7692307692307693,0.627906976744186,0.7666771961060219,0.6228070175438596,0.7692307692307693,0.627906976744186,0.767353141933161,0.6217870257037944
56,squared_error,1.0,log_loss,15.0,log2,10.0,1,5,100,False,0.7692307692307693,0.6511627906976745,0.772936489518063,0.6702380952380952,0.7692307692307693,0.6511627906976745,0.7722268835056024,0.6717054263565891,0.7674334874554688,0.6547619047619048,0.7692307692307693,0.6511627906976745,0.7692307692307693,0.6511627906976745,0.76750507911981,0.6442360728075014,0.7692307692307693,0.6511627906976745,0.768059765226904,0.6430816198258059
57,friedman_mse,0.5,log_loss,20.0,,30.0,1,10,50,False,0.7692307692307693,0.627906976744186,0.7721631205673759,0.6400462962962963,0.7692307692307693,0.627906976744186,0.7715493726132024,0.6411498708010336,0.7676040324414461,0.6309523809523809,0.7692307692307693,0.627906976744186,0.7692307692307693,0.627906976744186,0.7677443329617242,0.6228070175438596,0.7692307692307693,0.627906976744186,0.7682588685933167,0.6217870257037944
58,squared_error,2.0,exponential,5.0,0.7,30.0,2,2,50,False,0.76,0.6976744186046512,0.7599598576081193,0.7092760180995474,0.76,0.6976744186046512,0.7603211391350451,0.7105650847100915,0.7601569013870992,0.7002164502164503,0.76,0.6976744186046512,0.76,0.6976744186046512,0.7599431818181819,0.6950354609929078,0.76,0.6976744186046512,0.7600454545454545,0.694375721589972
59,friedman_mse,2.0,exponential,15.0,sqrt,10.0,2,2,200,False,0.7661538461538462,0.5813953488372093,0.7675059309711487,0.5902777777777778,0.7661538461538462,0.5813953488372093,0.7671371805664299,0.5910852713178295,0.7649511104373532,0.5844155844155844,0.7661538461538462,0.5813953488372093,0.7661538461538462,0.5813953488372093,0.7651734104046243,0.575657894736842,0.7661538461538462,0.5813953488372093,0.7655935971542909,0.5745104039167687
60,squared_error,2.0,exponential,15.0,sqrt,30.0,1,5,200,True,0.7692307692307693,0.6511627906976745,0.7690703670003034,0.6702380952380952,0.7692307692307693,0.6511627906976745,0.7692016051888664,0.6717054263565891,0.7689683923292656,0.6547619047619048,0.7692307692307693,0.6511627906976745,0.7692307692307693,0.6511627906976745,0.7690120824449183,0.6442360728075014,0.7692307692307693,0.6511627906976745,0.7692089005521842,0.6430816198258059
61,friedman_mse,2.0,exponential,15.0,0.5,10.0,2,5,200,True,0.7692307692307693,0.6511627906976745,0.7696011265890234,0.6702380952380952,0.7692307692307693,0.6511627906976745,0.7694562041444891,0.6717054263565891,0.7684567573713332,0.6547619047619048,0.7692307692307693,0.6511627906976745,0.7692307692307693,0.6511627906976745,0.7686701022122255,0.6442360728075014,0.7692307692307693,0.6511627906976745,0.7689854774101563,0.6430816198258059
62,squared_error,2.0,exponential,20.0,0.5,10.0,4,10,200,False,0.7661538461538462,0.5813953488372093,0.7680517188459177,0.5902777777777778,0.7661538461538462,0.5813953488372093,0.7675900741370354,0.5910852713178295,0.7647805654513757,0.5844155844155844,0.7661538461538462,0.5813953488372093,0.7661538461538462,0.5813953488372093,0.764976783131613,0.575657894736842,0.7661538461538462,0.5813953488372093,0.7654373730098782,0.5745104039167687
63,squared_error,0.5,log_loss,15.0,0.5,30.0,2,5,50,False,0.7692307692307693,0.627906976744186,0.7721631205673759,0.6400462962962963,0.7692307692307693,0.627906976744186,0.7715493726132024,0.6411498708010336,0.7676040324414461,0.6309523809523809,0.7692307692307693,0.627906976744186,0.7692307692307693,0.627906976744186,0.7677443329617242,0.6228070175438596,0.7692307692307693,0.627906976744186,0.7682588685933167,0.6217870257037944
64,friedman_mse,1.0,log_loss,,0.7,,2,2,50,True,0.7353846153846154,0.6046511627906976,0.738030888030888,0.6190476190476191,0.7353846153846154,0.6046511627906976,0.7375016335016334,0.6201550387596899,0.7336466307890548,0.6082251082251082,0.7353846153846154,0.6046511627906976,0.7353846153846154,0.6046511627906976,0.7335456070774863,0.5968008825151683,0.7353846153846154,0.6046511627906976,0.7341586098465293,0.5954925024692467
65,squared_error,0.5,exponential,5.0,0.7,10.0,2,10,100,False,0.7692307692307693,0.627906976744186,0.7696011265890234,0.6400462962962963,0.7692307692307693,0.627906976744186,0.7694562041444891,0.6411498708010336,0.7684567573713332,0.6309523809523809,0.7692307692307693,0.627906976744186,0.7692307692307693,0.627906976744186,0.7686701022122255,0.6228070175438596,0.7692307692307693,0.627906976744186,0.7689854774101563,0.6217870257037944
66,friedman_mse,2.0,exponential,20.0,sqrt,30.0,1,5,50,True,0.7661538461538462,0.6511627906976745,0.7770200207386138,0.6846153846153846,0.7661538461538462,0.6511627906976745,0.7756803553788478,0.6865831842576028,0.763245660577579,0.6558441558441558,0.7661538461538462,0.6511627906976745,0.7661538461538462,0.6511627906976745,0.7623720464865698,0.6386554621848739,0.7661538461538462,0.6511627906976745,0.7632021976330451,0.637092046120774
67,squared_error,2.0,log_loss,20.0,0.7,,4,10,200,True,0.6061538461538462,0.5813953488372093,0.6701739245884227,0.6227272727272727,0.6061538461538462,0.5813953488372093,0.6674688508517505,0.6245243128964059,0.5971537936784659,0.5876623376623377,0.6061538461538462,0.5813953488372093,0.6061538461538462,0.5813953488372093,0.5541455886135642,0.5520833333333333,0.6061538461538462,0.5813953488372093,0.5583624743600736,0.5494186046511628
68,squared_error,0.5,log_loss,,0.5,,4,10,50,True,0.7692307692307693,0.627906976744186,0.7690703670003034,0.6400462962962963,0.7692307692307693,0.627906976744186,0.7692016051888664,0.6411498708010336,0.7689683923292656,0.6309523809523809,0.7692307692307693,0.627906976744186,0.7692307692307693,0.627906976744186,0.7690120824449183,0.6228070175438596,0.7692307692307693,0.627906976744186,0.7692089005521842,0.6217870257037944
69,squared_error,1.0,exponential,,0.5,30.0,4,5,200,False,0.7692307692307693,0.6511627906976745,0.7738002795465134,0.6702380952380952,0.7692307692307693,0.6511627906976745,0.7729938953731468,0.6717054263565891,0.7672629424694914,0.6547619047619048,0.7692307692307693,0.6511627906976745,0.7692307692307693,0.6511627906976745,0.767247553115302,0.6442360728075014,0.7692307692307693,0.6511627906976745,0.7678425179499421,0.6430816198258059
70,squared_error,2.0,exponential,,log2,,1,10,100,True,0.7692307692307693,0.6511627906976745,0.772936489518063,0.6702380952380952,0.7692307692307693,0.6511627906976745,0.7722268835056024,0.6717054263565891,0.7674334874554688,0.6547619047619048,0.7692307692307693,0.6511627906976745,0.7692307692307693,0.6511627906976745,0.76750507911981,0.6442360728075014,0.7692307692307693,0.6511627906976745,0.768059765226904,0.6430816198258059
71,friedman_mse,2.0,log_loss,5.0,0.5,,4,10,100,True,0.44,0.37209302325581395,0.4355903727436118,0.3717105263157895,0.44,0.37209302325581395,0.436286629678831,0.3716340269277846,0.437523686803608,0.37337662337662336,0.44,0.37209302325581395,0.4400000000000001,0.37209302325581395,0.4341662202494834,0.37073170731707317,0.44,0.37209302325581395,0.43575725109053337,0.37005104934770283
72,friedman_mse,2.0,exponential,,0.7,10.0,2,10,100,False,0.7661538461538462,0.6744186046511628,0.7836321952018341,0.7231182795698925,0.7661538461538462,0.6744186046511628,0.7818647217025994,0.7256814203550889,0.7625634806336694,0.6796536796536796,0.7661538461538462,0.6744186046511628,0.7661538461538462,0.6744186046511628,0.7607145625048438,0.6595022624434389,0.7661538461538462,0.6744186046511628,0.7617136146036402,0.657844891087025
73,friedman_mse,1.0,exponential,,,10.0,2,5,50,False,0.7692307692307693,0.5813953488372093,0.7691650853889943,0.5855555555555556,0.7692307692307693,0.5813953488372093,0.7692044956940592,0.5861498708010336,0.7687978473432882,0.5833333333333333,0.7692307692307693,0.5813953488372093,0.7692307692307693,0.5813953488372093,0.7689157288990434,0.5793478260869566,0.7692307692307693,0.5813953488372093,0.7691520091478378,0.578665318503539
74,friedman_mse,1.0,log_loss,,0.5,10.0,1,2,50,True,0.7692307692307693,0.6744186046511628,0.7690573615215579,0.7032019704433498,0.7692307692307693,0.6744186046511628,0.769280314290544,0.7051208614961623,0.7691389373152429,0.6785714285714286,0.7692307692307693,0.6744186046511628,0.7692307692307693,0.6744186046511628,0.7690908574189331,0.6655555555555556,0.7692307692307693,0.6744186046511628,0.7692482582072487,0.6642894056847546
75,friedman_mse,1.0,log_loss,5.0,0.5,,4,10,50,True,0.7692307692307693,0.6511627906976745,0.7747563352826511,0.6702380952380952,0.7692307692307693,0.6511627906976745,0.7738521517468887,0.6717054263565891,0.767092397483514,0.6547619047619048,0.7692307692307693,0.6511627906976745,0.7692307692307693,0.6511627906976745,0.7669716350704103,0.6442360728075014,0.7692307692307693,0.6511627906976745,0.7676070165530113,0.6430816198258059
76,squared_error,1.0,exponential,20.0,0.7,10.0,2,2,50,True,0.7692307692307693,0.5813953488372093,0.772936489518063,0.5855555555555556,0.7692307692307693,0.5813953488372093,0.7722268835056024,0.5861498708010336,0.7674334874554688,0.5833333333333333,0.7692307692307693,0.5813953488372093,0.7692307692307693,0.5813953488372093,0.76750507911981,0.5793478260869566,0.7692307692307693,0.5813953488372093,0.768059765226904,0.578665318503539
77,friedman_mse,2.0,log_loss,20.0,sqrt,,4,5,200,False,0.6061538461538462,0.6976744186046512,0.6057142857142856,0.6978260869565217,0.6061538461538462,0.6976744186046512,0.6058725274725274,0.6977755308392315,0.6051694080194043,0.696969696969697,0.6061538461538462,0.6976744186046512,0.6061538461538462,0.6976744186046512,0.6050732892838155,0.6970189701897019,0.6061538461538462,0.6976744186046512,0.6056453488032435,0.6973466943971766
78,squared_error,0.5,log_loss,15.0,log2,30.0,2,2,100,True,0.7692307692307693,0.5813953488372093,0.7690573615215579,0.5855555555555556,0.7692307692307693,0.5813953488372093,0.769280314290544,0.5861498708010336,0.7691389373152429,0.5833333333333333,0.7692307692307693,0.5813953488372093,0.7692307692307693,0.5813953488372093,0.7690908574189331,0.5793478260869566,0.7692307692307693,0.5813953488372093,0.7692482582072487,0.578665318503539
79,squared_error,2.0,exponential,,,30.0,1,2,50,True,0.7661538461538462,0.6511627906976745,0.7836321952018341,0.6846153846153846,0.7661538461538462,0.6511627906976745,0.7818647217025994,0.6865831842576028,0.7625634806336694,0.6558441558441558,0.7661538461538462,0.6511627906976745,0.7661538461538462,0.6511627906976745,0.7607145625048438,0.6386554621848739,0.7661538461538462,0.6511627906976745,0.7617136146036402,0.637092046120774
80,friedman_mse,1.0,log_loss,20.0,log2,10.0,4,5,200,False,0.7692307692307693,0.5813953488372093,0.7747563352826511,0.5855555555555556,0.7692307692307693,0.5813953488372093,0.7738521517468887,0.5861498708010336,0.767092397483514,0.5833333333333333,0.7692307692307693,0.5813953488372093,0.7692307692307693,0.5813953488372093,0.7669716350704103,0.5793478260869566,0.7692307692307693,0.5813953488372093,0.7676070165530113,0.578665318503539
81,squared_error,2.0,exponential,20.0,0.7,30.0,1,10,200,True,0.7692307692307693,0.6046511627906976,0.7691650853889943,0.6119909502262444,0.7692307692307693,0.6046511627906976,0.7692044956940592,0.6128064821635273,0.7687978473432882,0.6071428571428572,0.7692307692307693,0.6046511627906976,0.7692307692307693,0.6046511627906976,0.7689157288990434,0.6012002182214948,0.7692307692307693,0.6046511627906976,0.7691520091478378,0.6003374820791941
82,friedman_mse,1.0,log_loss,,,10.0,4,5,50,True,0.7692307692307693,0.627906976744186,0.7699435631482612,0.6400462962962963,0.7692307692307693,0.627906976744186,0.7697059651757638,0.6411498708010336,0.7682862123853559,0.6309523809523809,0.7692307692307693,0.627906976744186,0.7692307692307693,0.627906976744186,0.7685207168023096,0.6228070175438596,0.7692307692307693,0.627906976744186,0.7688757430165394,0.6217870257037944
83,squared_error,0.5,exponential,15.0,0.7,30.0,4,5,200,True,0.7692307692307693,0.627906976744186,0.7693418452652379,0.6400462962962963,0.7692307692307693,0.627906976744186,0.7692892303015422,0.6411498708010336,0.7686273023573107,0.6309523809523809,0.7692307692307693,0.627906976744186,0.7692307692307693,0.627906976744186,0.768801752838403,0.6228070175438596,0.7692307692307693,0.627906976744186,0.7690775490906384,0.6217870257037944
84,friedman_mse,1.0,exponential,5.0,log2,10.0,4,10,200,False,0.7692307692307693,0.6046511627906976,0.772936489518063,0.6119909502262444,0.7692307692307693,0.6046511627906976,0.7722268835056024,0.6128064821635273,0.7674334874554688,0.6071428571428572,0.7692307692307693,0.6046511627906976,0.7692307692307693,0.6046511627906976,0.76750507911981,0.6012002182214948,0.7692307692307693,0.6046511627906976,0.768059765226904,0.6003374820791941
85,squared_error,1.0,exponential,,sqrt,30.0,1,10,200,True,0.7692307692307693,0.627906976744186,0.7693418452652379,0.6400462962962963,0.7692307692307693,0.627906976744186,0.7692892303015422,0.6411498708010336,0.7686273023573107,0.6309523809523809,0.7692307692307693,0.627906976744186,0.7692307692307693,0.627906976744186,0.768801752838403,0.6228070175438596,0.7692307692307693,0.627906976744186,0.7690775490906384,0.6217870257037944
86,friedman_mse,0.5,log_loss,15.0,0.5,10.0,4,10,200,False,0.7692307692307693,0.5813953488372093,0.7690573615215579,0.5855555555555556,0.7692307692307693,0.5813953488372093,0.769280314290544,0.5861498708010336,0.7691389373152429,0.5833333333333333,0.7692307692307693,0.5813953488372093,0.7692307692307693,0.5813953488372093,0.7690908574189331,0.5793478260869566,0.7692307692307693,0.5813953488372093,0.7692482582072487,0.578665318503539
87,friedman_mse,0.5,exponential,,log2,10.0,4,5,200,True,0.7692307692307693,0.6511627906976745,0.772936489518063,0.6702380952380952,0.7692307692307693,0.6511627906976745,0.7722268835056024,0.6717054263565891,0.7674334874554688,0.6547619047619048,0.7692307692307693,0.6511627906976745,0.7692307692307693,0.6511627906976745,0.76750507911981,0.6442360728075014,0.7692307692307693,0.6511627906976745,0.768059765226904,0.6430816198258059
88,squared_error,1.0,log_loss,5.0,0.5,10.0,1,5,50,False,0.7692307692307693,0.627906976744186,0.7691650853889943,0.6400462962962963,0.7692307692307693,0.627906976744186,0.7692044956940592,0.6411498708010336,0.7687978473432882,0.6309523809523809,0.7692307692307693,0.627906976744186,0.7692307692307693,0.627906976744186,0.7689157288990434,0.6228070175438596,0.7692307692307693,0.627906976744186,0.7691520091478378,0.6217870257037944
89,squared_error,0.5,exponential,20.0,0.7,,2,2,200,True,0.7692307692307693,0.627906976744186,0.7769536475958134,0.6400462962962963,0.7692307692307693,0.627906976744186,0.77585037925795,0.6411498708010336,0.7667513075115591,0.6309523809523809,0.7692307692307693,0.627906976744186,0.7692307692307693,0.627906976744186,0.7663640981893817,0.6228070175438596,0.7692307692307693,0.627906976744186,0.7670807659497285,0.6217870257037944
90,friedman_mse,0.5,log_loss,5.0,0.7,10.0,2,2,50,False,0.7692307692307693,0.627906976744186,0.7696011265890234,0.6400462962962963,0.7692307692307693,0.627906976744186,0.7694562041444891,0.6411498708010336,0.7684567573713332,0.6309523809523809,0.7692307692307693,0.627906976744186,0.7692307692307693,0.627906976744186,0.7686701022122255,0.6228070175438596,0.7692307692307693,0.627906976744186,0.7689854774101563,0.6217870257037944
91,friedman_mse,1.0,exponential,5.0,,30.0,1,10,200,True,0.7692307692307693,0.627906976744186,0.772936489518063,0.6400462962962963,0.7692307692307693,0.627906976744186,0.7722268835056024,0.6411498708010336,0.7674334874554688,0.6309523809523809,0.7692307692307693,0.627906976744186,0.7692307692307693,0.627906976744186,0.76750507911981,0.6228070175438596,0.7692307692307693,0.627906976744186,0.768059765226904,0.6217870257037944
92,friedman_mse,2.0,log_loss,15.0,sqrt,,4,5,100,False,0.6215384615384615,0.5581395348837209,0.625,0.5603070175438596,0.6215384615384615,0.5581395348837209,0.6245846153846154,0.5607405140758874,0.6184340180398696,0.5595238095238095,0.6215384615384615,0.5581395348837209,0.6215384615384615,0.5581395348837209,0.6151105804873822,0.5571815718157181,0.6215384615384615,0.5581395348837209,0.6164879835697563,0.5567025902817168
93,friedman_mse,0.5,log_loss,5.0,,,2,5,50,True,0.7692307692307693,0.627906976744186,0.7696011265890234,0.6400462962962963,0.7692307692307693,0.627906976744186,0.7694562041444891,0.6411498708010336,0.7684567573713332,0.6309523809523809,0.7692307692307693,0.627906976744186,0.7692307692307693,0.627906976744186,0.7686701022122255,0.6228070175438596,0.7692307692307693,0.627906976744186,0.7689854774101563,0.6217870257037944
94,friedman_mse,2.0,log_loss,5.0,0.7,30.0,4,2,50,True,0.39692307692307693,0.4418604651162791,0.39734345351043643,0.43665158371040724,0.39692307692307693,0.4418604651162791,0.3975956794628521,0.43723034831105967,0.39748351398468884,0.43939393939393934,0.39692307692307693,0.4418604651162791,0.39692307692307693,0.4418604651162791,0.3968716861081655,0.4342105263157895,0.39692307692307693,0.4418604651162791,0.396717513663431,0.4357405140758874
95,friedman_mse,0.5,exponential,,0.5,,1,2,50,False,0.7692307692307693,0.627906976744186,0.7769536475958134,0.6400462962962963,0.7692307692307693,0.627906976744186,0.77585037925795,0.6411498708010336,0.7667513075115591,0.6309523809523809,0.7692307692307693,0.627906976744186,0.7692307692307693,0.627906976744186,0.7663640981893817,0.6228070175438596,0.7692307692307693,0.627906976744186,0.7670807659497285,0.6217870257037944
96,squared_error,2.0,log_loss,20.0,log2,30.0,2,10,200,False,0.4553846153846154,0.5116279069767442,0.44484794427454977,0.5147058823529411,0.4553846153846154,0.5116279069767442,0.44573420633053656,0.5150478796169631,0.4507882968240734,0.5140692640692641,0.4553846153846154,0.5116279069767442,0.4553846153846154,0.5116279069767442,0.4374688297591457,0.5073649754500819,0.4553846153846154,0.5116279069767442,0.4402488654596496,0.5062992425684163
97,squared_error,1.0,exponential,,,,1,5,100,True,0.7692307692307693,0.627906976744186,0.7738002795465134,0.6400462962962963,0.7692307692307693,0.627906976744186,0.7729938953731468,0.6411498708010336,0.7672629424694914,0.6309523809523809,0.7692307692307693,0.627906976744186,0.7692307692307693,0.627906976744186,0.767247553115302,0.6228070175438596,0.7692307692307693,0.627906976744186,0.7678425179499421,0.6217870257037944
98,friedman_mse,0.5,exponential,20.0,log2,10.0,2,10,200,True,0.7692307692307693,0.627906976744186,0.7721631205673759,0.6400462962962963,0.7692307692307693,0.627906976744186,0.7715493726132024,0.6411498708010336,0.7676040324414461,0.6309523809523809,0.7692307692307693,0.627906976744186,0.7692307692307693,0.627906976744186,0.7677443329617242,0.6228070175438596,0.7692307692307693,0.627906976744186,0.7682588685933167,0.6217870257037944
99,squared_error,0.5,exponential,,,,1,2,200,True,0.7692307692307693,0.6511627906976745,0.7769536475958134,0.6702380952380952,0.7692307692307693,0.6511627906976745,0.77585037925795,0.6717054263565891,0.7667513075115591,0.6547619047619048,0.7692307692307693,0.6511627906976745,0.7692307692307693,0.6511627906976745,0.7663640981893817,0.6442360728075014,0.7692307692307693,0.6511627906976745,0.7670807659497285,0.6430816198258059
