,p,pLabel
0,http://www.daml.org/2001/12/factbook/factbook-ont#airports,Airports
1,http://www.daml.org/2001/12/factbook/factbook-ont#birthRate,Birth rate (factbook)
2,http://www.daml.org/2001/12/factbook/factbook-ont#budgetExpenditures,Budget expenditures
3,http://www.daml.org/2001/12/factbook/factbook-ont#budgetRevenues,Budget revenues
4,http://www.daml.org/2001/12/factbook/factbook-ont#coastline,Coastline
5,http://www.daml.org/2001/12/factbook/factbook-ont#deathRate,Death rate
6,http://www.daml.org/2001/12/factbook/factbook-ont#electricityConsumption,Electricity consumption
7,http://www.daml.org/2001/12/factbook/factbook-ont#electricityExports,Electricity exports
8,http://www.daml.org/2001/12/factbook/factbook-ont#electricityImports,Electricity imports
9,http://www.daml.org/2001/12/factbook/factbook-ont#electricityProduction,Electricity production
10,http://www.daml.org/2001/12/factbook/factbook-ont#electricityProductionFossilFuel,Electricity production from fossil fuel
11,http://www.daml.org/2001/12/factbook/factbook-ont#electricityProductionHydro,Electricity production from hydroelectric plants
12,http://www.daml.org/2001/12/factbook/factbook-ont#electricityProductionNuclear,Electricity production from nuclear 
13,http://www.daml.org/2001/12/factbook/factbook-ont#electricityProductionOther,Electricity production from other renewable sources
14,http://www.daml.org/2001/12/factbook/factbook-ont#exports,Exports
15,http://www.daml.org/2001/12/factbook/factbook-ont#externalDebt,External debt
16,http://www.daml.org/2001/12/factbook/factbook-ont#forestsAndWoodland,Forest and woodland
17,http://www.daml.org/2001/12/factbook/factbook-ont#governmentType,Government type
18,http://www.daml.org/2001/12/factbook/factbook-ont#grossDomesticProduct,GDP (factbook)
19,http://www.daml.org/2001/12/factbook/factbook-ont#grossDomesticProductPerCapita,GDP per capita (factbook)
20,http://www.daml.org/2001/12/factbook/factbook-ont#grossDomesticProductRealGrowth,GDP real gowth (factbook)
21,http://www.daml.org/2001/12/factbook/factbook-ont#highwaysTotal,Roadways
22,http://www.daml.org/2001/12/factbook/factbook-ont#imports,Imports
23,http://www.daml.org/2001/12/factbook/factbook-ont#industrialProductionGrowthRate,Industrial production growth rate
24,http://www.daml.org/2001/12/factbook/factbook-ont#infantMortalityRate,Infant mortality rate
25,http://www.daml.org/2001/12/factbook/factbook-ont#militaryAge,Military age
26,http://www.daml.org/2001/12/factbook/factbook-ont#permanentCrops,Permanent crops
27,http://www.daml.org/2001/12/factbook/factbook-ont#permanentPastures,Permanent pastures and meadows
28,http://www.daml.org/2001/12/factbook/factbook-ont#waterArea,Water area
29,http://www.wikidata.org/prop/direct/P1081,Human Development Index
30,http://www.wikidata.org/prop/direct/P1082,Population size
31,http://www.wikidata.org/prop/direct/P1198,Unemployment rate
32,http://www.wikidata.org/prop/direct/P122,Basic form of government
33,http://www.wikidata.org/prop/direct/P2046,Surface area
34,http://www.wikidata.org/prop/direct/P2250,Life expectancy
35,http://www.wikidata.org/prop/direct/P2573,Number of out-of-school children
36,http://www.wikidata.org/prop/direct/P2997,Age of majority
37,http://www.wikidata.org/prop/direct/P3000,Marriageable age
38,http://www.wikidata.org/prop/direct/P3270,Compulsory education (minimum age)
39,http://www.wikidata.org/prop/direct/P3271,Compulsory education (maximum age)
40,http://www.wikidata.org/prop/direct/P4841,Total fertility rate
41,http://www.wikidata.org/prop/direct/P5658,Railway traffic side
42,http://www.wikidata.org/prop/direct/P6897,Literacy rate
43,http://www.wikidata.org/prop/direct/P7422,Minimum temperature record
44,https://data.cooperationdatabank.org/vocab/prop/ChurchExpEast_zscore,Eastern Church exposure
45,https://data.cooperationdatabank.org/vocab/prop/ChurchExpWest_zscore,Western Church exposure
46,https://data.cooperationdatabank.org/vocab/prop/GDP_per_capita_current_US_dollar_worldbank_zscore,GDP per capita (Current US dollars)
47,https://data.cooperationdatabank.org/vocab/prop/GINI_index_estimate_worldbank_zscore,GINI index (World Bank Estimate)
48,https://data.cooperationdatabank.org/vocab/prop/GNI_per_capita_constant_2010_US_dollar_worldbank_zscore,GNI per capita (Constant 2010 US dollars)
49,https://data.cooperationdatabank.org/vocab/prop/KII_zscore,Kinship intensity index 
50,https://data.cooperationdatabank.org/vocab/prop/WVS_avg_belief_heaven_reversed_zscore,Belief in heaven
51,https://data.cooperationdatabank.org/vocab/prop/WVS_avg_belief_hell_reversed_zscore,Belief in hell
52,https://data.cooperationdatabank.org/vocab/prop/WVS_avg_belief_life_after_death_reversed_zscore,Belief in life after death
53,https://data.cooperationdatabank.org/vocab/prop/WVS_avg_belief_soul_reversed_zscore,Belief in soul
54,https://data.cooperationdatabank.org/vocab/prop/WVS_avg_conf_armed_forces_reversed_zscore,Confidence in the Armed Forces
55,https://data.cooperationdatabank.org/vocab/prop/WVS_avg_conf_government_reversed_zscore,Confidence in Government
56,https://data.cooperationdatabank.org/vocab/prop/WVS_avg_importance_god_zscore,Importance of God
57,https://data.cooperationdatabank.org/vocab/prop/WVS_avg_importance_religion_reversed_zscore,Importance of religion
58,https://data.cooperationdatabank.org/vocab/prop/WVS_avg_pray_percent_combined,Frequency of praying
59,https://data.cooperationdatabank.org/vocab/prop/WVS_avg_trust_reversed_zscore,Trust
60,https://data.cooperationdatabank.org/vocab/prop/X3_territorial_threat_international_crisis_behavior_data_THOMPSON_MEASURE_zscore,History of territorial threats
61,https://data.cooperationdatabank.org/vocab/prop/YLL_communicable_diseases_zscore,Years of life lost to communicable disease
62,https://data.cooperationdatabank.org/vocab/prop/avg_conf_legal_WVS_ESS_combined,Confidence in the Legal System
63,https://data.cooperationdatabank.org/vocab/prop/avg_conf_parliament_WVS_ESS_combined,Confidence in Parliament
64,https://data.cooperationdatabank.org/vocab/prop/avg_conf_police_WVS_ESS_combined,Confidence in the Police
65,https://data.cooperationdatabank.org/vocab/prop/avg_happiness_WVS_ESS_combined,Happiness
66,https://data.cooperationdatabank.org/vocab/prop/avg_homosexual_WVS_ESS_combined,Homosexuality justifiable
67,https://data.cooperationdatabank.org/vocab/prop/avg_petition_WVS_ESS_combined,Signing a petition
68,https://data.cooperationdatabank.org/vocab/prop/avg_religious_attendance_percent_WVS_ESS_combined,Religious attendance
69,https://data.cooperationdatabank.org/vocab/prop/avg_religious_voluntary_work_WVS_ESS_combined,Religious voluntary work
70,https://data.cooperationdatabank.org/vocab/prop/control_of_corruption_estimate_worldbank_zscore,Control of corruption (World Bank Estimate)
71,https://data.cooperationdatabank.org/vocab/prop/demanding_geo_climate_original_source_zscore,Demanding geoclimate
72,https://data.cooperationdatabank.org/vocab/prop/egalitarian_commitment_zscore,Egalitarian cultural orientation
73,https://data.cooperationdatabank.org/vocab/prop/food_fat_protein_supply_combined_zscore,Food deprivation
74,https://data.cooperationdatabank.org/vocab/prop/gov_effectiveness_estimate_worldbank_zscore,Government effectiveness
75,https://data.cooperationdatabank.org/vocab/prop/historical_GDP_1950_estimate_zscore,Historical GDP per capita
76,https://data.cooperationdatabank.org/vocab/prop/historical_prevalence_pathogens_zscore,Historical prevalence of pathogens
77,https://data.cooperationdatabank.org/vocab/prop/individualism_zscore,Individualism
78,https://data.cooperationdatabank.org/vocab/prop/log_cousin_marriage_zscore,Cousin marriage index
79,https://data.cooperationdatabank.org/vocab/prop/market_competitiveness_global_competitiveness_index_zscore,Market competitveness
80,https://data.cooperationdatabank.org/vocab/prop/overall_democracy_index_EIU_zscore,Democracy index
81,https://data.cooperationdatabank.org/vocab/prop/relative_area_perm_pasture_2000_original_source_zscore,Subsistence style - herding
82,https://data.cooperationdatabank.org/vocab/prop/residential_mobility_Aggregate_Crude_Migration_Intensity_Index_zscore,Residential mobility
83,https://data.cooperationdatabank.org/vocab/prop/rice_index_irrigated_rice_per_cereal_land_2000_original_source_zscore,Subsistence style - rice agriculture
84,https://data.cooperationdatabank.org/vocab/prop/rule_of_law_estimate_worldbank_zscore,Rule of law
85,https://data.cooperationdatabank.org/vocab/prop/shadow_economy_estimate_zscore,Size of shadow economy (World Bank Estimate)
86,https://data.cooperationdatabank.org/vocab/prop/trust_GPS_zscore,Trust (Global Preference Survey)
87,https://data.cooperationdatabank.org/vocab/prop/vulnerability_to_disasters_VUL_DIS_reversed_zscore,Vulnerability to natural disasters
88,https://data.cooperationdatabank.org/vocab/prop/wheat_index_irrigated_wheat_per_cereal_land_2000_original_source_zscore,Subsistence style - wheat
89,https://data.cooperationdatabank.org/vocab/prop/AD1500_real_population_density_McEvendy_and_Jones_1978_log_zscore,Population density in 1500
90,https://data.cooperationdatabank.org/vocab/prop/relational_mobility_zscore,Relational mobility
91,https://data.cooperationdatabank.org/vocab/prop/ESS_avg_importance_care_for_people_reversed_zscore,Importance of caring for people
92,https://data.cooperationdatabank.org/vocab/prop/ESS_avg_importance_care_nature_reversed_zscore,Importance of caring for nature
93,https://data.cooperationdatabank.org/vocab/prop/ESS_avg_importance_different_people_reversed_zscore,Importance of listening to different people
94,https://data.cooperationdatabank.org/vocab/prop/ESS_avg_importance_equal_treatment_reversed_zscore,Importance of equal treatment
95,https://data.cooperationdatabank.org/vocab/prop/ESS_avg_importance_loyalty_reversed_zscore,Importance of loyalty
96,https://data.cooperationdatabank.org/vocab/prop/societal_cynicism_zscore,Societal cynicism
97,http://www.wikidata.org/prop/direct/P2131,GDP
98,http://www.wikidata.org/prop/direct/P2132,GDP per capita
