,moderator,label,desc
0,ageRange,age range,Range of minimum and maximum age of all sampled participants.
1,choiceRange,choice option range,The value of the highest and lowest choice option allowed to participants. '0' and '1' indicate a binary choice between non-numeric options (such as 'cooperate' vs. 'defect'; 'C' vs. 'D').
2,country,has country,Country where the data collection took place. Can overlap with participant's nationality.
3,countrySource,Source of country or region,Source of the country where the data collection took place.
4,deception,Deception,"Whether deception was applied in the study. TRUE = deception was applied, FALSE = deception was not applied."
5,discussion,Discussion,Whether communication was allowed between participants in the game.
6,maleProportion,Proportion of males,"Proportion of male participants in the sample of a study (after exclusion of participants, when that information was reported)."
7,meanAge,Mean age,"Participants' mean age in years (after exclusion of participants, when that information was reported)."
8,numberOfObservations,Number of observations,"Variable used as sample size to compute variance for meta-regressions predicting cooperation. It corresponds to the total sample size in a single study after exclusion of participants (N), but it uses the number of observations for studies that uses both individual and groups as unit of analysis (e.g., interindividual-intergroup discontinuity studies)."
9,overallMeanContributions,Overall mean of contributions,"Cooperative behavior when the game (e.g., prisoner's dilemma and public goods dilemma) had a maximum number of choices greater than two. Higher numbers equate to higher cooperation. For resource dilemmas, it should be calculated as: upper choice range - overall M withdrawal + lower choice range."
10,overallMeanWithdrawal,Overall mean of withdrawals,Withdrawal behavior when the game type is a resource dilemma and the maximum choice range is about two. Higher numbers equate to lower cooperation.
11,overallN,Total N,Total sample size in a single study after exclusion of participants.
12,overallPercentageEndowmentContributed,Percentage of endowment contributed,"Percentage of endowment contributed, calculated as (M - Lower choice option) / (Upper choice option â Lower choice option)."
13,overallProportionCooperation,Overall proportion of cooperation,Cooperative behavior for games (e.g. prisoner's dilemma and public goods game) with two choice options. Higher numbers equal higher cooperation.
14,overallStandardDeviation,Overall standard deviation of contributions or withdrawals,"Standard deviation of contributions or withdrawals, only applicable when maximum number of choices is greater than two."
15,publicationStatus,Published,Whether a study was published or not.
16,recruitmentMethod,Recruitment method,The way participants were recruited to take part in the study.
17,replenishmentRate,Replenishment rate,The replenishment rate in the resource dilemma. The remaining resource in the common pool is multiplied by the replenishment rate after each trial.
18,sanction,Sanction,"Whether a sanction (punishment or reward) mechanism was in place in the game. TRUE = sanction was present, FALSE = sanction was absent."
19,studyAcademicDiscipline,Academic discipline,Participant's field of study if the participant is a student.
20,studyAcquaintance,Acquaintance,"Whether participants were interacting (and were aware of it) with people that they are not acquainted with or with people that they knew outside of the laboratory (e.g., friends, relatives, parents, romantic partners)."
21,studyContinuousPGG,Continuous vs step-level public goods,"Whether there was a provision point for contributions to establish a public good (i.e., step-level public goods) versus each contribution provided an incremental benefit to the public good (i.e., continuous public good)."
22,studyDilemmaType,Game type,Economic game that participants play during the experimental session.
23,studyExperimentalSetting,Experimental setting,The setting in which the experiment was conducted.
24,studyGameIncentive,Game incentive,Whether participantsâ decisions in the game determine their payoffs in different forms.
25,studyGroupSize,Group size,Overall number of people affected by the choices in the game.
26,studyKindex,K index,"For 2-persons PDG, it is calculated as (R-P)/(T-S), and 0 < K < 1. For N-persons PDG, it is calculated as (A(n)-B(0))/(0(max)-0(min)), and 0 < K < 1."
27,studyKnownEndgame,Known endgame,"Whether participants know the exact number of trials at the beginning of the experiment. Endgame is considered known also when participants played a one-shot game. TRUE = Known endgame, FALSE = Endgame not known."
28,studyMPCR,MPCR,The ratio of benefits to costs for a member to contribute one monetary unit to the group account. Calculated as multiplier divided by group size.
29,studyMatchingProtocol,Matching,How participants are paired with others during interactions.
30,studyNumberOfChoices,Number of choices,"The number of choice options players have when making the contribution. Is '2' when making a binary choice (such as cooperate vs. defect); (n+1) for continuous measure of cooperation; 3 for 3-choice Prisoner's Dilemma, etc."
31,studyOneShot,One-shot vs repeated,Whether participants played the game with the same person only once (this also applies if participants switch partners after each trial) versus played the game repeatedly with the same person.
32,studyOneShotRepeated,Repeated one-shot game,"Whether participants are paired with different partner(s) after each trial across many trials. TRUE = repeated one-shot, FALSE = one-shot."
33,studyPGDThreshold,Threshold,"The minimum threshold of total contribution by all group members when the public good will be provided. This also defines the criticality of contributions, as contributions are more critical if other players cannot reach the threshold on their own (e.g. in sequential games where othersâ prior contributions are known)."
34,studyRealPartner,Real partner,Whether participants interact with real or imagined participants in the game.
35,studyShowUpFee,Show-up fee,"Whether participants received a show-up fee for the study (i.e., a certain payment for participation)."
36,studyStudentSample,Student sample,"Whether participants were recruited from a student population. TRUE = Participants were recruited from a student population, FALSE = Participants were not recruited from a student population."
37,studySymmetric,Symmetry,"Whether specific aspects of the game that were different (i.e., asymmetric) for participants. TRUE = Symmetric, FALSE = Asymmetric."
38,studyTrialOfCooperation,Trial of cooperation,Trial on which cooperation was assessed.
39,yearOfDataCollection,Year of data collection,"Year when the data was collected. If the information was not reported in the paper, the variable indicates the closest year to data collection."
40,yearSource,Source of year of data collection,Source of information about what year the data was collected.
