,criterion,max_depth,max_features,max_leaf_nodes,min_samples_leaf,min_samples_split,n_estimators,random_state,acc_train,acc_val,precision_macro_train,precision_macro_val,precision_micro_train,precision_micro_val,precision_weighted_train,precision_weighted_val,recall_macro_train,recall_macro_val,recall_micro_train,recall_micro_val,recall_weighted_train,recall_weighted_val,f1_macro_train,f1_macro_val,f1_micro_train,f1_micro_val,f1_weighted_train,f1_weighted_val
0,entropy,,sqrt,30.0,4,10,100,23,0.7745633187772926,0.7427385892116183,0.7743695866023657,0.747567417292188,0.7745633187772926,0.7427385892116183,0.7744873967087401,0.7502967549029447,0.7732383866308417,0.7460284569691946,0.7745633187772926,0.7427385892116183,0.7745633187772926,0.7427385892116183,0.7736080977527953,0.7426278076340085,0.7745633187772926,0.7427385892116183,0.7743305338217429,0.7423397755322233
1,gini,5.0,sqrt,10.0,1,2,10,23,0.7379912663755459,0.7510373443983402,0.7413451796430519,0.7514325646401119,0.7379912663755459,0.7510373443983402,0.7434708993196403,0.7512553969455247,0.7404755618370167,0.7485149882580466,0.7379912663755459,0.7510373443983402,0.7379912663755459,0.7510373443983402,0.7379384827753916,0.7491325468424705,0.7379912663755459,0.7510373443983402,0.7377557703133195,0.7503117072341994
2,gini,,sqrt,,4,5,250,23,0.7849344978165939,0.7717842323651453,0.7854132715648325,0.7712296663909567,0.7849344978165939,0.7717842323651453,0.7868495928095481,0.7722595746287353,0.7860270408144978,0.771791683934245,0.7849344978165939,0.7717842323651453,0.7849344978165939,0.7717842323651453,0.7848768107044208,0.7713906279643331,0.7849344978165939,0.7717842323651453,0.78504987204094,0.7719023136853889
3,entropy,,0.5,,4,5,10,23,0.7860262008733624,0.7593360995850622,0.7863624714668002,0.7586896551724138,0.7860262008733624,0.7593360995850622,0.7877381238944999,0.7596234082129061,0.7870138620911292,0.759082746235668,0.7860262008733624,0.7593360995850622,0.7860262008733624,0.7593360995850622,0.7859524754788875,0.7588336783988958,0.7860262008733624,0.7593360995850622,0.7861476309348507,0.759427448891638
4,entropy,15.0,log2,,2,2,250,23,0.7876637554585153,0.7510373443983402,0.7871560990511102,0.7520333609043286,0.7876637554585153,0.7510373443983402,0.7878699908740237,0.7538831058440213,0.7874995071867111,0.7525556016024313,0.7876637554585153,0.7510373443983402,0.7876637554585153,0.7510373443983402,0.7872879850878803,0.7509987601598016,0.7876637554585153,0.7510373443983402,0.7877271972094017,0.7511659585268023
5,entropy,5.0,0.5,30.0,1,10,100,23,0.7685589519650655,0.7136929460580913,0.7807346226418705,0.7356144223693892,0.7685589519650655,0.7136929460580913,0.7784031112356739,0.7402862124029446,0.7628916969622391,0.7211631440806741,0.7685589519650655,0.7136929460580913,0.7685589519650655,0.7136929460580913,0.7630232739768822,0.7108251456395096,0.7685589519650655,0.7136929460580913,0.7648025990445125,0.7092717537461113
6,entropy,5.0,log2,,2,5,50,23,0.7701965065502183,0.6846473029045643,0.7756534006534006,0.6974155211912944,0.7701965065502183,0.6846473029045643,0.7742581720474734,0.7009471560365601,0.7661191759922871,0.6904613896947092,0.7701965065502183,0.6846473029045643,0.7701965065502183,0.6846473029045643,0.7668029375491137,0.6830703211517165,0.7701965065502183,0.6846473029045643,0.7681849339749028,0.6818643939289506
7,gini,5.0,0.7,30.0,2,10,250,23,0.7723799126637555,0.7634854771784232,0.7718251219407327,0.7648620689655172,0.7723799126637555,0.7634854771784232,0.7724195405725427,0.766850479324653,0.7719098814739238,0.7652645393010085,0.7723799126637555,0.7634854771784232,0.7723799126637555,0.7634854771784232,0.7718654205942386,0.7634691874580298,0.7723799126637555,0.7634854771784232,0.7723976537696009,0.7635750706405868
8,gini,15.0,0.7,10.0,4,2,10,23,0.7587336244541485,0.7510373443983402,0.7581719941133713,0.7527950310559006,0.7587336244541485,0.7510373443983402,0.7588940902657989,0.7548722971057447,0.7584187443475809,0.7530045586406962,0.7587336244541485,0.7510373443983402,0.7587336244541485,0.7510373443983402,0.7582726734300071,0.7510330578512396,0.7587336244541485,0.7510373443983402,0.7587912433321663,0.7510887829635472
9,entropy,,,,4,5,100,23,0.7860262008733624,0.7634854771784232,0.7864324992519851,0.7631905221104835,0.7860262008733624,0.7634854771784232,0.7878389167164479,0.7644686607382222,0.7870676235408246,0.7639176681862135,0.7860262008733624,0.7634854771784232,0.7860262008733624,0.7634854771784232,0.7859608965188365,0.7632245721081752,0.7860262008733624,0.7634854771784232,0.7861445650159409,0.7636485428473282
10,entropy,15.0,0.5,30.0,1,5,50,23,0.777292576419214,0.7468879668049793,0.7768590491577656,0.7490675507666804,0.777292576419214,0.7468879668049793,0.7771897055436161,0.7512471347283817,0.7763774579436127,0.7490675507666804,0.777292576419214,0.7468879668049793,0.777292576419214,0.7468879668049793,0.7765725436179982,0.7468879668049793,0.777292576419214,0.7468879668049793,0.7771956489267425,0.7468879668049793
11,gini,,sqrt,,1,5,250,23,0.7931222707423581,0.7717842323651453,0.7937986492673992,0.7712296663909567,0.7931222707423581,0.7717842323651453,0.795320500948742,0.7722595746287353,0.7943690257589026,0.771791683934245,0.7931222707423581,0.7717842323651453,0.7931222707423581,0.7717842323651453,0.7930837385515969,0.7713906279643331,0.7931222707423581,0.7717842323651453,0.793222454438337,0.7719023136853889
12,gini,20.0,sqrt,30.0,1,10,100,23,0.7756550218340611,0.7510373443983402,0.7752534685804322,0.7527950310559006,0.7756550218340611,0.7510373443983402,0.7755449185225823,0.7548722971057447,0.7746552995050362,0.7530045586406962,0.7756550218340611,0.7510373443983402,0.7756550218340611,0.7510373443983402,0.77488710002915,0.7510330578512396,0.7756550218340611,0.7510373443983402,0.7755330155659912,0.7510887829635472
13,entropy,15.0,0.7,10.0,2,5,250,23,0.7587336244541485,0.7012448132780082,0.7733603964776515,0.7262277951933125,0.7587336244541485,0.7012448132780082,0.770799288535793,0.7310752394455357,0.7524512234313903,0.7093521204586268,0.7587336244541485,0.7012448132780082,0.7587336244541485,0.7012448132780082,0.7519941684890139,0.6974473427256243,0.7587336244541485,0.7012448132780082,0.7540026156309414,0.69561893097818
14,gini,,sqrt,30.0,2,10,100,23,0.7756550218340611,0.7427385892116183,0.7751818355823523,0.7453678097345133,0.7756550218340611,0.7427385892116183,0.7755620745346185,0.7476464675210223,0.7748165838541226,0.7451305428926647,0.7756550218340611,0.7427385892116183,0.7756550218340611,0.7427385892116183,0.7749710626615538,0.7427341597796143,0.7756550218340611,0.7427385892116183,0.7755805312311147,0.7426765771635632
15,gini,5.0,0.5,,1,2,250,23,0.7751091703056768,0.7593360995850622,0.7748182597282736,0.7620298672566372,0.7751091703056768,0.7593360995850622,0.7750079840178844,0.7643644659053355,0.7739199623430912,0.7617764884652576,0.7751091703056768,0.7593360995850622,0.7751091703056768,0.7593360995850622,0.7742349609419399,0.7593319559228651,0.7751091703056768,0.7593360995850622,0.7749251262291006,0.759278088314301
16,gini,5.0,sqrt,10.0,2,5,100,23,0.7510917030567685,0.7095435684647303,0.7505091199131357,0.7120436946902655,0.7510917030567685,0.7095435684647303,0.7510037659784843,0.714210470752396,0.750274482068167,0.711838651747479,0.7510917030567685,0.7095435684647303,0.7510917030567685,0.7095435684647303,0.7503773957007369,0.709538567493113,0.7510917030567685,0.7095435684647303,0.7510333922521945,0.7094735548620875
17,entropy,20.0,log2,30.0,2,2,50,23,0.7718340611353712,0.7427385892116183,0.7720153765633742,0.747567417292188,0.7718340611353712,0.7427385892116183,0.7719237002233726,0.7502967549029447,0.7700993153180706,0.7460284569691946,0.7718340611353712,0.7427385892116183,0.7718340611353712,0.7427385892116183,0.7706067937026027,0.7426278076340085,0.7718340611353712,0.7427385892116183,0.7714310777992383,0.7423397755322233
18,entropy,15.0,sqrt,30.0,4,5,100,23,0.7729257641921398,0.7302904564315352,0.7726223937576038,0.7356237816764133,0.7729257641921398,0.7302904564315352,0.7728202440409968,0.7383971108037498,0.7717312739910469,0.7337684763088825,0.7729257641921398,0.7302904564315352,0.7729257641921398,0.7302904564315352,0.772043067358852,0.7301231802911534,0.7729257641921398,0.7302904564315352,0.7727399332798687,0.7297607486536594
19,gini,,sqrt,10.0,2,5,10,23,0.7412663755458515,0.7468879668049793,0.7437386860842276,0.7465596330275229,0.7412663755458515,0.7468879668049793,0.7456905101934718,0.7467452129886939,0.7433822642172154,0.7450269374222959,0.7412663755458515,0.7468879668049793,0.7412663755458515,0.7468879668049793,0.7412552740101548,0.7454680817909518,0.7412663755458515,0.7468879668049793,0.7411720124924285,0.7464935543010827
20,entropy,20.0,0.5,30.0,2,10,250,23,0.7783842794759825,0.7510373443983402,0.7778780687544459,0.7536988384955752,0.7783842794759825,0.7510373443983402,0.7783247252734489,0.7560054667131789,0.7776868479184165,0.7534535156789612,0.7783842794759825,0.7510373443983402,0.7783842794759825,0.7510373443983402,0.7777740596974969,0.7510330578512396,0.7783842794759825,0.7510373443983402,0.7783461407398272,0.7509773327389322
21,entropy,15.0,log2,30.0,1,5,50,23,0.7718340611353712,0.7510373443983402,0.7720153765633742,0.7547470547470547,0.7718340611353712,0.7510373443983402,0.7719237002233726,0.7572852776172279,0.7700993153180706,0.7539024727172261,0.7718340611353712,0.7510373443983402,0.7718340611353712,0.7510373443983402,0.7706067937026027,0.7509987601598016,0.7718340611353712,0.7510373443983402,0.7714310777992383,0.7508315617928009
22,entropy,5.0,log2,,4,2,10,23,0.7532751091703057,0.7302904564315352,0.7530581960129921,0.7297008547008548,0.7532751091703057,0.7302904564315352,0.7541427617995602,0.7307958293435471,0.7536459223135105,0.7301768200027628,0.7532751091703057,0.7302904564315352,0.7532751091703057,0.7302904564315352,0.7530605599008502,0.729825287594212,0.7532751091703057,0.7302904564315352,0.7534181420166094,0.7304300070827323
23,gini,,0.7,10.0,1,2,250,23,0.7614628820960698,0.7427385892116183,0.7623821553710048,0.748884084251639,0.7614628820960698,0.7427385892116183,0.7620128045016114,0.7518430263079453,0.7590847889743629,0.7464774140074596,0.7614628820960698,0.7427385892116183,0.7614628820960698,0.7427385892116183,0.759698040716478,0.7425213675213675,0.7614628820960698,0.7427385892116183,0.7607097332270721,0.7421179558109019
24,gini,20.0,,10.0,4,5,10,23,0.7625545851528385,0.7551867219917012,0.7625096153846154,0.757390523552977,0.7625545851528385,0.7551867219917012,0.7625337063318777,0.7595943251142526,0.7609317934461208,0.757390523552977,0.7625545851528385,0.7551867219917012,0.7625545851528385,0.7551867219917012,0.7613714047532282,0.7551867219917012,0.7625545851528385,0.7551867219917012,0.7621968794506307,0.7551867219917012
25,gini,,log2,30.0,1,2,50,23,0.7723799126637555,0.7178423236514523,0.7718616085093357,0.7203747234513274,0.7723799126637555,0.7178423236514523,0.7723101409506605,0.7225694699445525,0.7716410742254468,0.7201616245337754,0.7723799126637555,0.7178423236514523,0.7723799126637555,0.7178423236514523,0.7717399975797885,0.7178374655647384,0.7723799126637555,0.7178423236514523,0.7723337332247063,0.7177743104374564
26,entropy,5.0,log2,30.0,4,10,250,23,0.7603711790393013,0.7219917012448133,0.7602106992563555,0.727234753550543,0.7603711790393013,0.7219917012448133,0.7603009691342626,0.7299611407495226,0.7588506279934674,0.725445503522586,0.7603711790393013,0.7219917012448133,0.7603711790393013,0.7219917012448133,0.7592503619859792,0.7218192781462658,0.7603711790393013,0.7219917012448133,0.760057350264371,0.7214456947660798
27,gini,15.0,0.5,,1,5,10,23,0.790938864628821,0.7634854771784232,0.7912417337738809,0.7628019323671498,0.790938864628821,0.7634854771784232,0.7926046449266504,0.7636097580532003,0.7919115301583812,0.7630197541096837,0.790938864628821,0.7634854771784232,0.790938864628821,0.7634854771784232,0.790862530808504,0.7628976301845107,0.790938864628821,0.7634854771784232,0.7910588177750334,0.763534464427916
28,gini,20.0,sqrt,10.0,1,5,50,23,0.7505458515283843,0.7012448132780082,0.7519339634101898,0.7056922435362802,0.7505458515283843,0.7012448132780082,0.7514382091666878,0.7082060084648688,0.7477650170662735,0.7044135930377124,0.7505458515283843,0.7012448132780082,0.7505458515283843,0.7012448132780082,0.7483533880395541,0.70111616370401,0.7505458515283843,0.7012448132780082,0.7495073161915699,0.700781674811614
29,entropy,5.0,log2,10.0,2,5,250,23,0.7429039301310044,0.7012448132780082,0.7430580672540424,0.7046431046431046,0.7429039301310044,0.7012448132780082,0.7429872900036678,0.7069682513665916,0.7408572681298542,0.7039646359994474,0.7429039301310044,0.7012448132780082,0.7429039301310044,0.7012448132780082,0.7413278773298559,0.7011985121917619,0.7429039301310044,0.7012448132780082,0.7423197986732362,0.7009978741513612
30,entropy,5.0,log2,30.0,4,10,10,23,0.756004366812227,0.7053941908713693,0.7555355945194979,0.7093337959750173,0.756004366812227,0.7053941908713693,0.7558652000378231,0.7117725991344186,0.754903342886942,0.7083506009117282,0.756004366812227,0.7053941908713693,0.756004366812227,0.7053941908713693,0.7551375561657402,0.7053130112804615,0.756004366812227,0.7053941908713693,0.7558532713784359,0.7050491776100115
31,entropy,,sqrt,10.0,1,2,10,23,0.7456331877729258,0.7468879668049793,0.7457745899734336,0.7461697722567288,0.7456331877729258,0.7468879668049793,0.7470472097780045,0.7470185476319338,0.7463618432292233,0.7463738085370908,0.7456331877729258,0.7468879668049793,0.7456331877729258,0.7468879668049793,0.7455118666056166,0.7462588673904413,0.7456331877729258,0.7468879668049793,0.7457848392320622,0.7469403917561908
32,entropy,,0.5,30.0,2,5,250,23,0.7783842794759825,0.7510373443983402,0.7778780687544459,0.7536988384955752,0.7783842794759825,0.7510373443983402,0.7783247252734489,0.7560054667131789,0.7776868479184165,0.7534535156789612,0.7783842794759825,0.7510373443983402,0.7783842794759825,0.7510373443983402,0.7777740596974969,0.7510330578512396,0.7783842794759825,0.7510373443983402,0.7783461407398272,0.7509773327389322
33,entropy,20.0,,30.0,4,5,250,23,0.7789301310043668,0.7468879668049793,0.778433004285277,0.7500346068660022,0.7789301310043668,0.7468879668049793,0.778863210099874,0.7524408610303138,0.7782071392815798,0.7495165078049455,0.7789301310043668,0.7468879668049793,0.7789301310043668,0.7468879668049793,0.7783086307429601,0.7468705339463126,0.7789301310043668,0.7468879668049793,0.7788852804700385,0.7467572203649797
34,gini,15.0,0.5,10.0,2,2,250,23,0.7620087336244541,0.7344398340248963,0.7620395748821087,0.7404798437717952,0.7620087336244541,0.7344398340248963,0.7620236225074598,0.7433879966128947,0.7603039791835666,0.7381544412211631,0.7620087336244541,0.7344398340248963,0.7620087336244541,0.7344398340248963,0.7607667425422308,0.734215605183347,0.7620087336244541,0.7344398340248963,0.7616135546437467,0.7337991801918987
35,entropy,20.0,sqrt,10.0,4,10,50,23,0.7549126637554585,0.6846473029045643,0.7599557576928603,0.6940947666195191,0.7549126637554585,0.6846473029045643,0.7586808182143037,0.6972439211911706,0.7507445960782815,0.6895634756181793,0.7549126637554585,0.6846473029045643,0.7549126637554585,0.6846473029045643,0.7512266009777726,0.6837270341207349,0.7549126637554585,0.6846473029045643,0.752714249632444,0.6828067653369054
36,entropy,15.0,0.5,30.0,4,5,50,23,0.7767467248908297,0.7468879668049793,0.7763233491650069,0.7490675507666804,0.7767467248908297,0.7468879668049793,0.7766408809593739,0.7512471347283817,0.7758034051307539,0.7490675507666804,0.7767467248908297,0.7468879668049793,0.7767467248908297,0.7468879668049793,0.776010933878672,0.7468879668049793,0.7767467248908297,0.7468879668049793,0.776641611889093,0.7468879668049793
37,gini,15.0,log2,10.0,1,10,10,23,0.7281659388646288,0.7053941908713693,0.7291733027922431,0.7045077433628318,0.7281659388646288,0.7053941908713693,0.730736453714403,0.7052759978702309,0.7294974738092137,0.7043099875673435,0.7281659388646288,0.7053941908713693,0.7281659388646288,0.7053941908713693,0.7281452028148063,0.7043966485272524,0.7281659388646288,0.7053941908713693,0.7282618430950578,0.7053229378467896
38,gini,15.0,0.5,30.0,2,2,250,23,0.7816593886462883,0.7634854771784232,0.7811312782649484,0.764158743282348,0.7816593886462883,0.7634854771784232,0.7818102773266711,0.7659092351525526,0.7813999720440461,0.7648155822627435,0.7816593886462883,0.7634854771784232,0.7816593886462883,0.7634854771784232,0.7812422383981965,0.763420304830793,0.7816593886462883,0.7634854771784232,0.7817115324272997,0.7636321149605911
39,gini,15.0,0.5,10.0,2,10,100,23,0.7625545851528385,0.7427385892116183,0.7627379026044074,0.747567417292188,0.7625545851528385,0.7427385892116183,0.7626482364596182,0.7502967549029447,0.7607167476473393,0.7460284569691946,0.7625545851528385,0.7427385892116183,0.7625545851528385,0.7427385892116183,0.7612192523944143,0.7426278076340085,0.7625545851528385,0.7427385892116183,0.762096478294109,0.7423397755322233
40,entropy,,0.7,10.0,2,10,50,23,0.7609170305676856,0.6804979253112033,0.7715037071744841,0.697950102130143,0.7609170305676856,0.6804979253112033,0.7694050267898765,0.701930423159024,0.7554463335288657,0.6874222958972234,0.7609170305676856,0.6804979253112033,0.7609170305676856,0.6804979253112033,0.7555279321439017,0.6778130805423894,0.7609170305676856,0.6804979253112033,0.7573110897105949,0.6762265813608174
41,entropy,20.0,0.7,10.0,2,2,10,23,0.7543668122270742,0.7344398340248963,0.7542284180939642,0.7354218362282878,0.7543668122270742,0.7344398340248963,0.7543034510576987,0.737245554606015,0.7527510928508024,0.7359096560298384,0.7543668122270742,0.7344398340248963,0.7543668122270742,0.7344398340248963,0.7531618281115263,0.7343986775037884,0.7543668122270742,0.7344398340248963,0.7540090825677709,0.7345770224285891
42,gini,15.0,0.7,30.0,2,5,100,23,0.7816593886462883,0.7468879668049793,0.7811231769418592,0.7490675507666804,0.7816593886462883,0.7468879668049793,0.7817418827546619,0.7512471347283817,0.7812924491446553,0.7490675507666804,0.7816593886462883,0.7468879668049793,0.7816593886462883,0.7468879668049793,0.7811993904157689,0.7468879668049793,0.7816593886462883,0.7468879668049793,0.7816922456627539,0.7468879668049793
43,gini,5.0,0.5,30.0,1,2,10,23,0.7729257641921398,0.7842323651452282,0.7724064694336561,0.7837949565936337,0.7729257641921398,0.7842323651452282,0.7731602844056485,0.7849322188277793,0.7727527415352597,0.7845006216328222,0.7729257641921398,0.7842323651452282,0.7729257641921398,0.7842323651452282,0.7725342998906415,0.7839310344827586,0.7729257641921398,0.7842323651452282,0.7729978760371525,0.7843662898841035
44,gini,5.0,sqrt,,4,2,100,23,0.7685589519650655,0.7261410788381742,0.7687713279768891,0.7320756032919514,0.7685589519650655,0.7261410788381742,0.7686663068721411,0.7349329669178442,0.7667625213403089,0.7298314684348668,0.7685589519650655,0.7261410788381742,0.7685589519650655,0.7261410788381742,0.7672764227642277,0.7259098428453268,0.7685589519650655,0.7261410788381742,0.7681251553236057,0.7254804045728955
45,gini,5.0,log2,10.0,2,2,250,23,0.7407205240174672,0.7012448132780082,0.7401162790697675,0.7037126659292036,0.7407205240174672,0.7012448132780082,0.7406018330455977,0.7058514715602394,0.7397975702214135,0.7035156789611825,0.7407205240174672,0.7012448132780082,0.7407205240174672,0.7012448132780082,0.7399300602536205,0.7012396694214875,0.7407205240174672,0.7012448132780082,0.7406344339045731,0.7011727992867185
46,entropy,15.0,log2,,4,10,100,23,0.7843886462882096,0.7468879668049793,0.7845617506138114,0.7475540857103486,0.7843886462882096,0.7468879668049793,0.7858600330558243,0.7492859948643091,0.7852379422028575,0.7481696366901506,0.7843886462882096,0.7468879668049793,0.7843886462882096,0.7468879668049793,0.7842908895362719,0.7468182209592698,0.7843886462882096,0.7468879668049793,0.7845164820407435,0.7470448949578256
47,gini,,log2,30.0,4,5,100,23,0.7712882096069869,0.7344398340248963,0.7710729624031287,0.7370367809734513,0.7712882096069869,0.7344398340248963,0.7712038559730424,0.7392874683288656,0.7699553541027752,0.7368075701063683,0.7712882096069869,0.7344398340248963,0.7712882096069869,0.7344398340248963,0.7703191112794703,0.734435261707989,0.7712882096069869,0.7344398340248963,0.771052042787676,0.7343758215881943
48,entropy,,,30.0,4,2,50,23,0.773471615720524,0.7385892116182573,0.772922307703328,0.7399310344827585,0.773471615720524,0.7385892116182573,0.7735728040394811,0.7418692230648161,0.7731117485493368,0.740295620942119,0.773471615720524,0.7385892116182573,0.773471615720524,0.7385892116182573,0.7730056862033807,0.738571207190454,0.773471615720524,0.7385892116182573,0.7735109109810059,0.7386882359711748
49,entropy,,sqrt,,4,5,100,23,0.7849344978165939,0.7717842323651453,0.7850180025671982,0.7714905634384901,0.7849344978165939,0.7717842323651453,0.7862705738262639,0.7727631287873288,0.7857044721163254,0.77224064097251,0.7849344978165939,0.7717842323651453,0.7849344978165939,0.7717842323651453,0.7848214019544129,0.7715324818587656,0.7849344978165939,0.7717842323651453,0.7850637502305149,0.7719415764316326
50,entropy,5.0,,,1,10,50,23,0.7723799126637555,0.7136929460580913,0.7790949992036948,0.726630512344798,0.7723799126637555,0.7136929460580913,0.7774876646595604,0.7303680314942911,0.7679852956461588,0.7193673159276144,0.7723799126637555,0.7136929460580913,0.7723799126637555,0.7136929460580913,0.7686374807499239,0.7124254215304799,0.7723799126637555,0.7136929460580913,0.7700830553089146,0.7113955578517956
51,gini,5.0,0.5,,4,5,50,23,0.7707423580786026,0.7385892116182573,0.7703607077360568,0.7407445779803841,0.7707423580786026,0.7385892116182573,0.7706249272039731,0.7428999443425108,0.7696501085383934,0.7407445779803841,0.7707423580786026,0.7385892116182573,0.7707423580786026,0.7385892116182573,0.7699128381603075,0.7385892116182573,0.7707423580786026,0.7385892116182573,0.7705915362752762,0.7385892116182573
52,entropy,5.0,0.5,,1,5,10,23,0.7647379912663755,0.7427385892116183,0.7643714526767909,0.747567417292188,0.7647379912663755,0.7427385892116183,0.764614014978722,0.7502967549029447,0.7635505733957284,0.7460284569691946,0.7647379912663755,0.7427385892116183,0.7647379912663755,0.7427385892116183,0.7638395013541381,0.7426278076340085,0.7647379912663755,0.7427385892116183,0.7645551127886636,0.7423397755322233
53,entropy,,sqrt,30.0,2,10,250,23,0.7751091703056768,0.7427385892116183,0.7749411768940679,0.747567417292188,0.7751091703056768,0.7427385892116183,0.7750419729410333,0.7502967549029447,0.7737586779940051,0.7460284569691946,0.7751091703056768,0.7427385892116183,0.7751091703056768,0.7427385892116183,0.7741401103110157,0.7426278076340085,0.7751091703056768,0.7427385892116183,0.7748669053070115,0.7423397755322233
54,entropy,,0.5,,2,2,10,23,0.7865720524017468,0.7717842323651453,0.7863380201107091,0.7714905634384901,0.7865720524017468,0.7717842323651453,0.7873911654203787,0.7727631287873288,0.7869965389573386,0.77224064097251,0.7865720524017468,0.7717842323651453,0.7865720524017468,0.7717842323651453,0.7863795140103524,0.7715324818587656,0.7865720524017468,0.7717842323651453,0.7866945768326339,0.7719415764316326
55,entropy,15.0,0.7,10.0,2,5,50,23,0.7609170305676856,0.6804979253112033,0.7715037071744841,0.697950102130143,0.7609170305676856,0.6804979253112033,0.7694050267898765,0.701930423159024,0.7554463335288657,0.6874222958972234,0.7609170305676856,0.6804979253112033,0.7609170305676856,0.6804979253112033,0.7555279321439017,0.6778130805423894,0.7609170305676856,0.6804979253112033,0.7573110897105949,0.6762265813608174
56,gini,20.0,sqrt,10.0,4,2,10,23,0.7412663755458515,0.7468879668049793,0.7437386860842276,0.7465596330275229,0.7412663755458515,0.7468879668049793,0.7456905101934718,0.7467452129886939,0.7433822642172154,0.7450269374222959,0.7412663755458515,0.7468879668049793,0.7412663755458515,0.7468879668049793,0.7412552740101548,0.7454680817909518,0.7412663755458515,0.7468879668049793,0.7411720124924285,0.7464935543010827
57,gini,20.0,0.7,10.0,4,5,10,23,0.7587336244541485,0.7510373443983402,0.7581719941133713,0.7527950310559006,0.7587336244541485,0.7510373443983402,0.7588940902657989,0.7548722971057447,0.7584187443475809,0.7530045586406962,0.7587336244541485,0.7510373443983402,0.7587336244541485,0.7510373443983402,0.7582726734300071,0.7510330578512396,0.7587336244541485,0.7510373443983402,0.7587912433321663,0.7510887829635472
58,gini,15.0,sqrt,10.0,1,2,10,23,0.7412663755458515,0.7468879668049793,0.7437386860842276,0.7465596330275229,0.7412663755458515,0.7468879668049793,0.7456905101934718,0.7467452129886939,0.7433822642172154,0.7450269374222959,0.7412663755458515,0.7468879668049793,0.7412663755458515,0.7468879668049793,0.7412552740101548,0.7454680817909518,0.7412663755458515,0.7468879668049793,0.7411720124924285,0.7464935543010827
59,gini,5.0,0.5,,2,2,50,23,0.7740174672489083,0.7427385892116183,0.7736523919212391,0.7453678097345133,0.7740174672489083,0.7427385892116183,0.7739051363788563,0.7476464675210223,0.7729331410664599,0.7451305428926647,0.7740174672489083,0.7427385892116183,0.7740174672489083,0.7427385892116183,0.7731997976151601,0.7427341597796143,0.7740174672489083,0.7427385892116183,0.7738688000427723,0.7426765771635632
60,gini,5.0,0.7,,1,5,100,23,0.7745633187772926,0.7178423236514523,0.7824510034356356,0.7363048532403371,0.7745633187772926,0.7178423236514523,0.7806583478314667,0.7406687238704371,0.769905176749726,0.7246511949164249,0.7745633187772926,0.7178423236514523,0.7745633187772926,0.7178423236514523,0.7705259805742795,0.7156835530881333,0.7745633187772926,0.7178423236514523,0.77202129101984,0.7143471713108405
61,entropy,20.0,log2,10.0,1,5,100,23,0.7489082969432315,0.7053941908713693,0.7483614626026882,0.7047835676867935,0.7489082969432315,0.7053941908713693,0.7491552543873478,0.7059175821724344,0.7486771696627723,0.7052079016438735,0.7489082969432315,0.7053941908713693,0.7489082969432315,0.7053941908713693,0.7484754277636901,0.7048860833721391,0.7489082969432315,0.7053941908713693,0.7489880360026206,0.7055466231211384
62,gini,20.0,0.5,,1,5,50,23,0.7931222707423581,0.7634854771784232,0.7938817418182338,0.7629239040529363,0.7931222707423581,0.7634854771784232,0.7954352053825251,0.7639668255716977,0.794422787208598,0.7634687111479486,0.7931222707423581,0.7634854771784232,0.7931222707423581,0.7634854771784232,0.7930896580291117,0.7630775598903089,0.7931222707423581,0.7634854771784232,0.7932172729939889,0.7636078523648575
63,entropy,,0.7,30.0,4,2,50,23,0.7762008733624454,0.7344398340248963,0.7757026333128848,0.738045738045738,0.7762008733624454,0.7344398340248963,0.7761256673172287,0.7405129355336824,0.7754443981166768,0.7372565271446332,0.7762008733624454,0.7344398340248963,0.7762008733624454,0.7344398340248963,0.775558623327417,0.7343986775037884,0.7762008733624454,0.7344398340248963,0.7761484447881574,0.7342203325789876
64,gini,15.0,,30.0,2,2,100,23,0.7794759825327511,0.7344398340248963,0.7789531091319826,0.7354218362282878,0.7794759825327511,0.7344398340248963,0.7796661183148488,0.737245554606015,0.7792650451416973,0.7359096560298384,0.7794759825327511,0.7344398340248963,0.7794759825327511,0.7344398340248963,0.7790755013223327,0.7343986775037884,0.7794759825327511,0.7344398340248963,0.7795375950266615,0.7345770224285891
65,gini,5.0,log2,10.0,4,5,100,23,0.743995633187773,0.7095435684647303,0.7436708556830242,0.7112146307798481,0.743995633187773,0.7095435684647303,0.7438582273203792,0.7131895226068058,0.7424892268028305,0.711389694709214,0.743995633187773,0.7095435684647303,0.743995633187773,0.7095435684647303,0.7428364054299563,0.709538567493113,0.743995633187773,0.7095435684647303,0.7436846208625051,0.7096035801241384
66,entropy,5.0,0.7,,1,5,50,23,0.7701965065502183,0.7385892116182573,0.7700172811059909,0.7416943521594684,0.7701965065502183,0.7385892116182573,0.7701234014348098,0.7440688713968652,0.7688072484770576,0.7411935350186489,0.7701965065502183,0.7385892116182573,0.7701965065502183,0.7385892116182573,0.7691896325783318,0.738571207190454,0.7701965065502183,0.7385892116182573,0.7699385471028757,0.7384541784097332
67,gini,15.0,log2,30.0,1,2,100,23,0.7729257641921398,0.7344398340248963,0.7726599641493259,0.7370367809734513,0.7729257641921398,0.7344398340248963,0.7728284289651938,0.7392874683288656,0.7716775125413515,0.7368075701063683,0.7729257641921398,0.7344398340248963,0.7729257641921398,0.7344398340248963,0.7720116980897269,0.734435261707989,0.7729257641921398,0.7344398340248963,0.7727208873071162,0.7343758215881943
68,entropy,15.0,0.7,,1,10,10,23,0.790938864628821,0.7634854771784232,0.7913823522399447,0.7628019323671498,0.790938864628821,0.7634854771784232,0.7928078481328424,0.7636097580532003,0.792019053057772,0.7630197541096837,0.790938864628821,0.7634854771784232,0.790938864628821,0.7634854771784232,0.7908789862374425,0.7628976301845107,0.790938864628821,0.7634854771784232,0.7910528267285413,0.763534464427916
69,gini,,log2,10.0,4,2,10,23,0.7314410480349345,0.7095435684647303,0.7323669642037057,0.7086959524796244,0.7314410480349345,0.7095435684647303,0.7339101578183245,0.7095435684647303,0.7327267448875848,0.7086959524796244,0.7314410480349345,0.7095435684647303,0.7314410480349345,0.7095435684647303,0.7314151196400369,0.7086959524796244,0.7314410480349345,0.7095435684647303,0.7315447616145246,0.7095435684647303
70,gini,,0.7,,4,2,100,23,0.7860262008733624,0.7676348547717843,0.7863624714668002,0.767,0.7860262008733624,0.7676348547717843,0.7877381238944999,0.7679170124481327,0.7870138620911292,0.7674057190219643,0.7860262008733624,0.7676348547717843,0.7860262008733624,0.7676348547717843,0.7859524754788875,0.7671497584541063,0.7860262008733624,0.7676348547717843,0.7861476309348507,0.7677230541022712
71,entropy,15.0,sqrt,10.0,4,2,50,23,0.7549126637554585,0.6846473029045643,0.7601307124722311,0.695689287238583,0.7549126637554585,0.6846473029045643,0.7588262002930379,0.6990275615721236,0.7506908346285861,0.6900124326564443,0.7549126637554585,0.6846473029045643,0.7549126637554585,0.6846473029045643,0.7511591696391486,0.683420907079646,0.7549126637554585,0.6846473029045643,0.7526605672856727,0.6823580306980502
72,entropy,5.0,0.7,30.0,2,5,100,23,0.7685589519650655,0.7012448132780082,0.7776321999660178,0.7210989010989011,0.7685589519650655,0.7012448132780082,0.7756971470748194,0.725473530618759,0.7635368343585841,0.7084542063820969,0.7685589519650655,0.7012448132780082,0.7685589519650655,0.7012448132780082,0.7639496664527297,0.6984987489574646,0.7685589519650655,0.7012448132780082,0.7655701183906601,0.6969466256458529
73,gini,,sqrt,30.0,1,10,250,23,0.7767467248908297,0.7510373443983402,0.7763797068123024,0.7536988384955752,0.7767467248908297,0.7510373443983402,0.7766377663987669,0.7560054667131789,0.775695882231363,0.7534535156789612,0.7767467248908297,0.7510373443983402,0.7767467248908297,0.7510373443983402,0.7759536028451628,0.7510330578512396,0.7767467248908297,0.7510373443983402,0.7766084742590162,0.7509773327389322
74,gini,15.0,log2,,4,10,250,23,0.7832969432314411,0.7676348547717843,0.783667416844675,0.7671902990216343,0.7832969432314411,0.7676348547717843,0.7850566928943024,0.7683461439720242,0.7843048823759216,0.7678546760602293,0.7832969432314411,0.7676348547717843,0.7832969432314411,0.7676348547717843,0.7832266063809653,0.7673103448275862,0.7832969432314411,0.7676348547717843,0.78341843415499,0.7677790814136501
75,gini,20.0,log2,,2,2,10,23,0.787117903930131,0.7800829875518672,0.7872605422207284,0.7794340924775707,0.787117903930131,0.7800829875518672,0.7885442868361053,0.7802009684744665,0.7879469219180651,0.7796656996822766,0.787117903930131,0.7800829875518672,0.787117903930131,0.7800829875518672,0.7870163690476191,0.7795363929785801,0.787117903930131,0.7800829875518672,0.7872448225332709,0.780128537099641
76,gini,,,30.0,4,10,10,23,0.773471615720524,0.7468879668049793,0.7731967119316447,0.7463123793768955,0.773471615720524,0.7468879668049793,0.7742276011399418,0.7473813274576225,0.7738106473953772,0.7468227655753557,0.773471615720524,0.7468879668049793,0.773471615720524,0.7468879668049793,0.7732521119304498,0.7464514237422604,0.773471615720524,0.7468879668049793,0.7735986968621459,0.747018929723795
77,gini,20.0,sqrt,30.0,2,10,10,23,0.7707423580786026,0.7551867219917012,0.7716150762555296,0.7546431046431046,0.7707423580786026,0.7551867219917012,0.7731859689739984,0.7550150533553022,0.772069373774687,0.7537988672468573,0.7707423580786026,0.7551867219917012,0.7707423580786026,0.7551867219917012,0.7707150315391987,0.7541028966709901,0.7707423580786026,0.7551867219917012,0.7708380009665164,0.7549835047440678
78,gini,,0.7,,4,10,50,23,0.7854803493449781,0.7759336099585062,0.7855930587337909,0.775492627807634,0.7854803493449781,0.7759336099585062,0.7868610393579354,0.7766391813999016,0.7862785249291842,0.7761776488465257,0.7854803493449781,0.7759336099585062,0.7854803493449781,0.7759336099585062,0.785372851085826,0.7756206896551725,0.7854803493449781,0.7759336099585062,0.7856088228742089,0.7760726856488768
79,entropy,15.0,0.5,30.0,1,10,100,23,0.7783842794759825,0.7551867219917012,0.7779113453926947,0.756551724137931,0.7783842794759825,0.7551867219917012,0.7782982914608392,0.7585233939047075,0.7775793250190255,0.756941566514712,0.7783842794759825,0.7551867219917012,0.7783842794759825,0.7551867219917012,0.7777219935067108,0.7551698607021713,0.7783842794759825,0.7551867219917012,0.7783180508790554,0.7552794590841162
80,gini,5.0,log2,,1,5,10,23,0.7532751091703057,0.7302904564315352,0.7535824324242845,0.7356237816764133,0.7532751091703057,0.7302904564315352,0.7534427400361123,0.7383971108037498,0.751226657077217,0.7337684763088825,0.7532751091703057,0.7302904564315352,0.7532751091703057,0.7302904564315352,0.7517412744402019,0.7301231802911534,0.7532751091703057,0.7302904564315352,0.7526999211465167,0.7297607486536594
81,entropy,5.0,sqrt,,4,2,250,23,0.767467248908297,0.7344398340248963,0.7676687430411362,0.7391923825410065,0.767467248908297,0.7344398340248963,0.7675691030853365,0.7418786056153295,0.7656681771642866,0.7377054841828983,0.767467248908297,0.7344398340248963,0.767467248908297,0.7344398340248963,0.7661786700414175,0.7343254788480088,0.767467248908297,0.7344398340248963,0.7670314060562642,0.7340281553881014
82,gini,,sqrt,,2,10,100,23,0.7882096069868996,0.7676348547717843,0.7884141610260701,0.767,0.7882096069868996,0.7676348547717843,0.7897291512778807,0.7679170124481327,0.7890950275437827,0.7674057190219643,0.7882096069868996,0.7676348547717843,0.7882096069868996,0.7676348547717843,0.7881184459189574,0.7671497584541063,0.7882096069868996,0.7676348547717843,0.788334353711452,0.7677230541022712
83,entropy,5.0,0.5,10.0,4,5,10,23,0.7412663755458515,0.7219917012448133,0.7450767740701669,0.735229056657628,0.7412663755458515,0.7219917012448133,0.7440621709128048,0.7390531815546635,0.7373072204016339,0.7276902887139107,0.7412663755458515,0.7219917012448133,0.7412663755458515,0.7219917012448133,0.7376870906118485,0.720760916558582,0.7412663755458515,0.7219917012448133,0.7391923973597937,0.719760904001019
84,entropy,20.0,log2,,2,10,100,23,0.7860262008733624,0.7510373443983402,0.7861097173340706,0.7514120402259264,0.7860262008733624,0.7510373443983402,0.7873624642446941,0.7530357221454667,0.7867988162923476,0.7521066445641663,0.7860262008733624,0.7510373443983402,0.7860262008733624,0.7510373443983402,0.7859136791018524,0.7509301364200083,0.7860262008733624,0.7510373443983402,0.7861547971836595,0.7512088771636715
85,gini,15.0,0.7,10.0,4,10,250,23,0.7614628820960698,0.7427385892116183,0.7623821553710048,0.748884084251639,0.7614628820960698,0.7427385892116183,0.7620128045016114,0.7518430263079453,0.7590847889743629,0.7464774140074596,0.7614628820960698,0.7427385892116183,0.7614628820960698,0.7427385892116183,0.759698040716478,0.7425213675213675,0.7614628820960698,0.7427385892116183,0.7607097332270721,0.7421179558109019
86,gini,,log2,30.0,2,2,250,23,0.7723799126637555,0.7427385892116183,0.7721718371362076,0.7463963963963964,0.7723799126637555,0.7427385892116183,0.7722983695516084,0.7488991065754551,0.7710496982787973,0.7455794999309298,0.7723799126637555,0.7427385892116183,0.7723799126637555,0.7427385892116183,0.7714154401039119,0.7426987188317951,0.7723799126637555,0.7427385892116183,0.772144873132365,0.7425259471858944
87,gini,5.0,,30.0,1,10,50,23,0.7745633187772926,0.7551867219917012,0.7742880228638288,0.7583748615725361,0.7745633187772926,0.7551867219917012,0.7744649988081983,0.7608128506637626,0.7733459095302324,0.7578394805912418,0.7745633187772926,0.7551867219917012,0.7745633187772926,0.7551867219917012,0.7736714847955384,0.7551698607021713,0.7745633187772926,0.7551867219917012,0.7743694418247373,0.7550602623202263
88,entropy,,,,1,5,50,23,0.7931222707423581,0.7759336099585062,0.7936409155937053,0.7752797347699959,0.7931222707423581,0.7759336099585062,0.7950996042381194,0.7759336099585062,0.7942615028595117,0.7752797347699959,0.7931222707423581,0.7759336099585062,0.7931222707423581,0.7759336099585062,0.7930704184887388,0.7752797347699959,0.7931222707423581,0.7759336099585062,0.793231339275833,0.7759336099585062
89,entropy,20.0,,10.0,1,2,50,23,0.7614628820960698,0.6970954356846473,0.7700237497421241,0.7155310767435075,0.7614628820960698,0.6970954356846473,0.7681892781036839,0.7197356966341246,0.7564504779392878,0.7040682414698163,0.7614628820960698,0.6970954356846473,0.7614628820960698,0.6970954356846473,0.7567500476270198,0.6945500633713562,0.7614628820960698,0.6970954356846473,0.7584134009690374,0.693045979731684
90,gini,15.0,0.7,30.0,4,2,100,23,0.7811135371179039,0.7468879668049793,0.780577146324102,0.7490675507666804,0.7811135371179039,0.7468879668049793,0.7811518507460328,0.7512471347283817,0.7806646348821011,0.7490675507666804,0.7811135371179039,0.7468879668049793,0.7811135371179039,0.7468879668049793,0.7806187857512942,0.7468879668049793,0.7811135371179039,0.7468879668049793,0.781130597509856,0.7468879668049793
91,entropy,15.0,0.7,30.0,2,5,10,23,0.769650655021834,0.7344398340248963,0.7691304124259938,0.7361628709454796,0.769650655021834,0.7344398340248963,0.7695721278375564,0.7381991873061692,0.7688783330605438,0.7363586130681032,0.769650655021834,0.7344398340248963,0.769650655021834,0.7344398340248963,0.7689896074248047,0.734435261707989,0.769650655021834,0.7344398340248963,0.7695966919526889,0.7344947018277838
92,entropy,,log2,10.0,1,10,50,23,0.7467248908296943,0.7012448132780082,0.7465515782347465,0.7005172413793104,0.7467248908296943,0.7012448132780082,0.7476657306308393,0.7015681785663185,0.747133618707073,0.7008219367315928,0.7467248908296943,0.7012448132780082,0.7467248908296943,0.7012448132780082,0.7465206708175292,0.7006211180124224,0.7467248908296943,0.7012448132780082,0.7468741285308921,0.7013582124172059
93,gini,5.0,sqrt,30.0,4,5,100,23,0.7680131004366813,0.7344398340248963,0.76806988432773,0.7404798437717952,0.7680131004366813,0.7344398340248963,0.7680401718265999,0.7433879966128947,0.7663497528765362,0.7381544412211631,0.7680131004366813,0.7344398340248963,0.7680131004366813,0.7344398340248963,0.7668208117067572,0.734215605183347,0.7680131004366813,0.7344398340248963,0.7676399413685371,0.7337991801918987
94,gini,5.0,log2,30.0,2,5,250,23,0.7663755458515283,0.7344398340248963,0.7658443019825483,0.7370367809734513,0.7663755458515283,0.7344398340248963,0.76629535809772,0.7392874683288656,0.7655953005324773,0.7368075701063683,0.7663755458515283,0.7344398340248963,0.7663755458515283,0.7344398340248963,0.7657050994734986,0.734435261707989,0.7663755458515283,0.7344398340248963,0.7663208155349546,0.7343758215881943
95,gini,15.0,log2,30.0,2,10,100,23,0.7707423580786026,0.7385892116182573,0.7702815426502707,0.7392517569243489,0.7707423580786026,0.7385892116182573,0.7706330120447611,0.7409743747201871,0.7698113928874797,0.7398466639038541,0.7707423580786026,0.7385892116182573,0.7707423580786026,0.7385892116182573,0.770001147842057,0.7385171790235081,0.7707423580786026,0.7385892116182573,0.7706425797775291,0.7387512849564428
96,gini,20.0,0.5,,1,10,100,23,0.7920305676855895,0.7800829875518672,0.7923335669570275,0.7794340924775707,0.7920305676855895,0.7800829875518672,0.7936970636784986,0.7802009684744665,0.7930058743344034,0.7796656996822766,0.7920305676855895,0.7800829875518672,0.7920305676855895,0.7800829875518672,0.7919546324753003,0.7795363929785801,0.7920305676855895,0.7800829875518672,0.7921498944446154,0.780128537099641
97,gini,20.0,0.7,,2,10,50,23,0.7882096069868996,0.7759336099585062,0.7888433816822564,0.7752797347699959,0.7882096069868996,0.7759336099585062,0.7903444270133645,0.7759336099585062,0.7894175962419552,0.7752797347699959,0.7882096069868996,0.7759336099585062,0.7882096069868996,0.7759336099585062,0.7881669402434416,0.7752797347699959,0.7882096069868996,0.7759336099585062,0.78831463281695,0.7759336099585062
98,gini,5.0,log2,10.0,4,2,250,23,0.7407205240174672,0.7053941908713693,0.7401162790697675,0.7074526868351982,0.7407205240174672,0.7053941908713693,0.7406018330455977,0.7095111827990271,0.7397975702214135,0.7074526868351982,0.7407205240174672,0.7053941908713693,0.7407205240174672,0.7053941908713693,0.7399300602536205,0.7053941908713693,0.7407205240174672,0.7053941908713693,0.7406344339045731,0.7053941908713693
99,entropy,15.0,sqrt,30.0,4,10,100,23,0.7745633187772926,0.7427385892116183,0.7743695866023657,0.747567417292188,0.7745633187772926,0.7427385892116183,0.7744873967087401,0.7502967549029447,0.7732383866308417,0.7460284569691946,0.7745633187772926,0.7427385892116183,0.7745633187772926,0.7427385892116183,0.7736080977527953,0.7426278076340085,0.7745633187772926,0.7427385892116183,0.7743305338217429,0.7423397755322233
